"how to install libraries in python",14
"how to install python libraries",10
"install library python",6
"install python library",6
"amazon",5
"how to install library in python",5
"https://pythonmarketer.wordpress.com/2018/11/20/packaging-python-as-a-windows-app/",5
"install libraries python",5
"how to install python library",5
"install libraries in python",4
"installing libraries in python",4
"how to use gooey python",4
"python install libraries",4
"how to dowload python libraries",3
"python gooey",3
"how to install new libraries in python",3
"gooeyparser",3
"python install library",3
"how to install library python",3
"python custom lib directory  pip",3
"python installing libraries",3
"install libraries with pip",2
"install library duckling in python comad",2
"install python library windows",2
"gooey python",2
"delete all tweets using tweept",2
"run pytest from batch file",2
"pip install libraries",2
"how to insert records into the ms access table using python",2
"build a youtube downloader with flask",2
"how to download libraries using pip command",2
"http://cedricyarish.com/schedule-python-scripts-windows-task-scheduler-automate/",2
"python payload api request",2
"how to download a python library with pip",2
"install library in python",2
"pip install libary",2
"install python library pip",2
"python install gooey",2
"flask video download",2
"install install_lib python",2
"install libraries pip linux",2
"how to install python libraries windows",2
"how to install a python library",2
"schedule python script on windows",2
"how to import librarie in python 3,4",2
"windows scheduler python script",2
"pip libraries",2
"how schedule window python",2
"python insert to access",2
"setting up pip in python",2
"python install library windows without pip",2
"installing python libraries",2
"pyinstaller task scheduler",2
"install pip library python",2
"how to install a library in python",2
"library command for pip install",2
"how to install python libraries pip",2
"install python libraries with dépendances",1
"golang distributed systems course",1
"new windows gooey python",1
"python gooey added themes",1
"findstr regex in file",1
"findstr in text file regix examples",1
"installing libraries in python 3.0 using pip",1
"command to cancel a pytest job",1
"how to cancel a pytest job in background",1
"make a python downloader",1
"install library from pip",1
"install python lib with pip",1
"js library like pytube",1
"python pip base library",1
"python task scheduler file change",1
"python libraries to download youtube videos 2020",1
"ethnicity datasets and jupyter notebook !g",1
"run python script from command window automatically task schedular from environment",1
"how to install python libraries via pip",1
"how to install lib in python",1
"connect msaccess in python whit pandas_access",1
"python button navigate to new page with json payload",1
"how to install python libraries windows 10",1
"how to add external python library",1
"menu gooey python",1
"cmd windows install pytest",1
"how to install llibraries in python using pip",1
"python web framework building-blocks",1
"install python lib in linux",1
"install in global interpreter libraries python",1
"how to install libraries to python",1
"how to download liburies in python",1
"install python libarries",1
"install serial library python pip",1
"jupyter notebook datasets",1
"libraries installieren python",1
"python download library pip install command",1
"how to add pip to python interpretator",1
"python gooey editor",1
"matplotlib in jupyter terminal",1
"install things in python",1
"how to install libraries in python with pip",1
"gooey examples",1
"gooey gui beschreibung",1
"pip install library python",1
"commands after connecting mysql and python",1
"import mysql.connector df to mysql",1
"pip  library for python",1
"plot a graph with real data sets using jupyter",1
"how to pip install python libraries",1
"add libraries using pip install python cmd",1
"python screen color picker",1
"install library python without privilege",1
"install a library in python",1
"using pytest on windows",1
"install new librairies in python",1
"install libraries python without pip",1
"pip install excel",1
"make eyedropper python",1
"pandas jupyter notebook matlib.plot",1
"rows=[tuple(x) for x in df.values]",1
"python automate a function in task scheduler",1
"how to install libraries pip",1
"what we have to give cmd to install libraries in python",1
"using pyodbc to insert excel rows",1
"pyinstaller build windows app",1
"how to show pip where libraries are",1
"pip regular user",1
"how to install python libraries linux command line",1
"windows findstr regex",1
"python enable pip",1
"read text file and insert data into ms access database with python",1
"[x for x in pyodbc.drivers() if x.startswith('microsoft access driver')]",1
"gooey python examples",1
"enable pip",1
"gui to pandas scripts",1
"jupyter using datasets",1
"which library we should install for voice in pip 19.0.3",1
"plotting graph in jupyter notebook from a dataset",1
"rhel install panda libraries",1
"scheduling python script in windows",1
"basic python gooey example file",1
"text editors similar to atom on ubuntu",1
"how to add pip in python",1
"add library to python without pip",1
"pip python libraries",1
"python insert row into sql acces odbc",1
"python pypyodbc insert ms-access",1
"how to download python library from command like",1
"sslcertverificationerror windows",1
"pip not install library",1
"install python libraries in windows",1
"python colorpicker ideas",1
"install python libraries windows",1
"python how to install a new library under windows",1
"api / json knowledge",1
"how to add library to python",1
"how to search and install library in python",1
"youtube downloader using youtube_dl and flask",1
"os.environment in python to install library",1
"python install library pip",1
"sslcertverificationerror",1
"sslerror(sslcertverificationerror(1,",1
"installing python libraries in windows",1
"pip install biblio",1
"install python libraries pip",1
"python environments activate",1
"earthdata download sslcertverificationerror",1
"python request put body",1
"http requests + transfer data + json + parameters",1
"python libray install",1
"python json request",1
"python install library windows",1
"install python library in windows",1
"python requests certificate_verify_failed]",1
"python zip",1
"how to install libraries in python idle",1
"tweepy delete tweets",1
"slash programmers",1
"pytest scheduler",1
"python27 python.exe -m pip install requests",1
"python libraries download pip install",1
"python 3 libries for download video from youtube",1
"delete tweets automatically tweepy",1
"install libraries on python",1
"install oracle libraries using pip command",1
"http://at-lib.com",1
"importing libraries on windows for python",1
"install library python windows",1
"libraries to install using pip",1
"how to add libraries to your program in python",1
"dessiner un plot de valeurs manquantes dans jupyter",1
"add a library to python in linux",1
"sslcertverificationerror python windows",1
"libries pip install",1
"setting up ply library to python",1
"python windows install library",1
"python json web",1
"pygsheets pandas",1
"how to downloaf a library in python",1
"requests return json from api",1
"pytest test scheduler",1
"json payload python",1
"python requests json payload",1
"how to download and install library for python3 using python3???",1
"installing python libraries windows",1
"example api requests json",1
"pip install libraries manually",1
"python installer library",1
"windows pythn lib install",1
"install library python pip",1
"schedule a python script from windows",1
"install new library python",1
"sending json request python  requests",1
"how to install library in command",1
"pyodbc ms access",1
"pygsheets pandas dataframe to google sheets plain text",1
"microsoft access new rows",1
"inserting into sql with python and flask",1
"ip install libraries in python",1
"task scheduler run python file automatically",1
"install python lib",1
"python build a flask for mysql",1
"python script for displaying api request in json format using requests",1
"pip library python installieren",1
"nstall a library using the command '!pip install",1
"python request send json payload",1
"request payload python",1
"py for installing libraries",1
"send an api request python",1
"firefox web browser",1
"json api request sample",1
"load library in python windows",1
"sslcertverificationerror python",1
"request body json python",1
"sslcertverificationerror python request",1
"python error httpsconnectionpool",1
"go to python folder  for installing libraris in command promp",1
"which bing will write python source code",1
"python library installieren",1
"python libraries need too installed in which directory",1
"install library from within python",1
"install python library using cmd",1
"pyinstaller dose not include a pre-compiled bootloader",1
"how to inport library through pip",1
"where to install liberaries gr pthon",1
"how to install pip for python in windows 10",1
"loading libraries in python",1
"install python libraries windows 10",1
"python requests post json",1
"interface to a python script",1
"install python library with pip",1
"install python library using pip",1
"pyinstaller windows complex apps",1
"automated scripts for windows",1
"adding libraries using pip python",1
"python library pip",1
"check libraries with pip",1
"python pip install libraries",1
"jupyter matplot lib fivethirtyeight no colors",1
"how to install blocksci library python",1
"schedule python script inside python",1
"gui to pick file python",1
"http libraray ipip install command",1
"specified an istall folder <when usin pip install",1
"pip install libs",1
"install libraries from pip not using command line",1
"downloading libraries with pip",1
"python pip donwload libraries to folder",1
"free task scheduler for python scripts",1
"phthon pip libraries",1
"how to automatically run python script in windows task schedule",1
"how to pip install a library in python",1
"pyinstaller vs cpython performance",1
"installing pip libraries",1
"how to install pip libraries",1
"how to install a py file in python",1
"findstr python",1
"atom installing python libraries",1
"installing dth library in python",1
"pip install library",1
"function library python pip install",1
"automate python from scheduled tasj",1
"important libraries to be installed in python using pip",1
"how to check what libraries are installed in python",1
"install python pip library",1
"installing embedding library command prompt",1
"use python to clean data in excel",1
"locate pip library downloads",1
"python27libsite-packages",1
"how to install lib in python in cmd",1
"install python libraries from command promt",1
"install python library wuth pip",1
"how to pip install python libs",1
"setting library for python in command",1
"install libraries using cmd python",1
"set up pip to install python libraries",1
"data cleaning python excel file",1
"how to install a python library using the command prompt",1
"how to install wradlib library to python using pip",1
"installing python library pip main",1
"install libraries with python 2",1
"library pip python",1
"gooey cx_freeze",1
"automate manual tasks with python on wisndows",1
"cx_freeze gooey",1
"how install a new library in python pipi",1
"pip folder inn my machine",1
"pip install librairies download",1
"pip install library command",1
"install lib python",1
"python 3.7 how to download libraries",1
"pip install gooey",1
"how to install library to python using pip",1
"get pip.py file",1
"python pip change saving location",1
"how to know install libraray in python",1
"install new ibrary python",1
"gooey widgets python",1
"set up pip to install to right python directory",1
"installing libraries from pip",1
"how to pip in lybrareies",1
"how to install python libraries in python",1
"installing  random module with  pip",1
"small python pip library",1
"add a library to pip",1
"how to install library in python by pip",1
"how to install library graphics using pip in python",1
"how to change path of pip to my new python directory",1
"data cleaning in excel vs python",1
"how install lib for python",1
"pip library how to install",1
"how to run pip in python interpreter",1
"how to install pip to python lib",1
"python windows 10 app compiler",1
"windows automated python",1
"fatal error: pyinstaller does not include a pre-compiled bootloader for your platform when trying to make no console executable",1
"install python libraries from command line",1
"how to see pip libraries",1
"similar libraies to pip",1
"gooey example python",1
"shared library pip",1
"whereis is install pip library python",1
"python excel library pip install",1
"getting started with web2py",1
"pip install python lib",1
"gooey microsoft application",1
"fatal error: pyinstaller does not include a pre-compiled bootloader for yourplatform.",1
"pip install good libraries to install",1
"installing python libraries in cmd",1
"how to install the librries pip",1
"pip install command python library",1
"task scheduler automated with python",1
"how to install pip install missingno library",1
"python installing libraries pip",1
"python libraries installed find how",1
"how to install lib python",1
"what pip command to type to install modules on command prompt",1
"data cleaning python from excel",1
"using the pip command to download libraries in python",1
"install libraries",1
"how to check that pip installs for python interpreter",1
"lightning archive for python",1
"how to install pip in python library",1
"how to install new lib using setup.py in python",1
"command for excellibrary in ride with pip command",1
"task scheduler python",1
"pip install to python 3 library",1
"why wont my python install libraries",1
"installing python libraries from pip",1
"python27 lib site-packages",1
"installing a new library python",1
"how to install python libraries with pip",1
"how to install all basic python libraries in python",1
"which location to pip install libraries",1
"install library in python pip",1
"install libraries from a file with pip",1
"install hx711 to python library",1
"how to install frames in python from command promt",1
"how to install libraries python",1
"python pip library",1
"how to pip libraries in atom",1
"how to install python libraries using pip^",1
"install library using python",1
"python install libraries in command prompt",1
"how to install a new library in python",1
"install new python library",1
"how do install the libraries for python playgrounf book",1
"install python libs",1
"which folders are python libraries installed",1
"install or the first time should install some of the libraries in python",1
"change version library pip",1
"pip install library path in quotes?",1
"python pip install library",1
"how to download pip library",1
"how to change where python install libraries",1
"how to install lib via python command",1
"installing required libraries using pipfile",1
"is is possible to install a python library with apt-get",1
"installing a library in pyhton using pip",1
"using command prompt to install python libraries",1
"pip install lot of library",1
"how to install roboframework library from command prompt",1
"install scientific.io.netcdf library in python",1
"how to install lib files in python",1
"isntall library python directories via command line",1
"how to setup python with command prompt",1
"install python libraries in command line",1
"python os library install",1
"run diffrent python versions isolated",1
"install math in python libraries",1
"install all python libraries pip",1
"how to install library using pip in python",1
"pip install all  libraries",1
"screen color picker python",1
"python3 virtual environment isolate libraries in differnt environment",1
"gdp dataset jupyter",1
"python pip random library",1
"how install libraries into my python",1
"pip librarys for python",1
"how to install important libraries in python",1
"using matplotlib in jupyter",1
"how to install directories in python",1
"pip force reinstall python libraries",1
"install python libraries with pip",1
"pip install wheelpip install pandas in command line",1
"how to install librarys in python",1
"sdp install library in python",1
"cant install libraries via pip",1
"where to find cmd python to instal lib",1
"query installed python3 libraries",1
"python download libraries through command prompt",1
"synatx for installing libraries with pip on idle",1
"how to install libraries to python in windows",1
"how to install libraries in python interpreter windows",1
"pip install libraries windows",1
"python install lib windows",1
"unix comand to install a python library",1
"where should i install python libraries",1
"how to install any library in python",1
"python 3 pip install local library",1
"pip install libraruy process",1
"how to install lib using zip file python",1
"how to install a library in python without command prompt",1
"how to install all python libraries",1
"command to know the path of a new installed python library",1
"install python libraries command line",1
"python library for regular expression pip install",1
"python libs cmd install",1
"install python library command line windows",1
"installer librairy avec pip",1
"install librairy with pip python",1
"pip libraries in python",1
"how to install libraries in python with cmd",1
"pip library python",1
"new word for pip python",1
"adding library to be pip installed in adf pipeline",1
"import dash library with pip command in python",1
"how to install custom libraries with pip linux",1
"installing python library",1
"python how to install libraries",1
"how to install pip random in python",1
"how to add alibrary file of python using cmd",1
"install a pythin library",1
"how to install libries in python",1
"installing python library difficult",1
"windows run python library cmd",1
"how run pip.py file",1
"pip install excellibrary",1
"pygsheets and pandas",1