"Search Engines",36537
"Search Engines > Google Search",13687
"Search Engines > Google Search > google.com",12959
"Search Engines > Google Search > google.co.in",73
"Search Engines > Google Search > google.de",70
"Search Engines > Google Search > google.com.hk",70
"Search Engines > Google Search > google.ca",55
"Search Engines > Google Search > google.co.uk",44
"Search Engines > Google Search > google.fr",41
"Search Engines > Google Search > google.com/search",24
"Search Engines > Google Search > google.co.kr",24
"Search Engines > Google Search > google.co.jp",24
"Search Engines > Google Search > google.ru",24
"Search Engines > Google Search > google.com.br",18
"Search Engines > Google Search > google.com.au",16
"Search Engines > Google Search > google.pl",16
"Search Engines > Google Search > google.nl",15
"Search Engines > Google Search > google.com.tr",15
"Search Engines > Google Search > google.com.tw",13
"Search Engines > Google Search > google.it",13
"Search Engines > Google Search > google.ro",12
"Search Engines > Google Search > google.co.th",12
"Search Engines > Google Search > google.se",9
"Search Engines > Google Search > google.es",9
"Search Engines > Google Search > google.at",9
"Search Engines > Google Search > google.ch",9
"Search Engines > Google Search > google.com.sg",8
"Search Engines > Google Search > google.be",8
"Search Engines > Google Search > google.pt",7
"Search Engines > Google Search > google.com.mx",6
"Search Engines > Google Search > google.ie",6
"Search Engines > Google Search > google.com.vn",5
"Search Engines > Google Search > google.com.ar",5
"Search Engines > Google Search > google.co.za",5
"Search Engines > Google Search > google.hu",4
"Search Engines > Google Search > google.co.id",4
"Search Engines > Google Search > google.cl",4
"Search Engines > Google Search > google.dk",4
"Search Engines > Google Search > google.no",4
"Search Engines > Google Search > google.ae",4
"Search Engines > Google Search > google.tn",3
"Search Engines > Google Search > google.com.ua",3
"Search Engines > Google Search > google.lk",3
"Search Engines > Google Search > google.co.nz",3
"Search Engines > Google Search > google.com.ph",3
"Search Engines > Google Search > google.com.my",2
"Search Engines > Google Search > google.co.il",2
"Search Engines > Google Search > google.com.pk",2
"Search Engines > Google Search > google.com.uy",2
"Search Engines > Google Search > google.com.qa",2
"Search Engines > Google Search > google.gr",2
"Search Engines > Google Search > google.co.ve",2
"Search Engines > Google Search > google.lu",1
"Search Engines > Google Search > google.rs",1
"Search Engines > Google Search > google.co.id/search",1
"Search Engines > Google Search > google.com.ec",1
"Search Engines > Google Search > google.dz",1
"Search Engines > Google Search > google.com.gh",1
"Search Engines > Google Search > google.fi",1
"Search Engines > Google Search > google.ee",1
"Search Engines > Google Search > google.com.co",1
"Search Engines > Google Search > google.gg",1
"Search Engines > Bing",13154
"Search Engines > Bing > bing.com",12129
"Search Engines > Bing > bing.com",541
"Search Engines > Bing > cn.bing.com",446
"Search Engines > Bing > edgeservices.bing.com",12
"Search Engines > Bing > cn.bing.com",9
"Search Engines > Bing > cn.bing.com",7
"Search Engines > Bing > bing.com",7
"Search Engines > Bing > bing.com",1
"Search Engines > Bing > bing.com",1
"Search Engines > Bing > bing.com",1
"Search Engines > duckduckgo.com",7955
"Search Engines > duckduckgo.com > /",7945
"Search Engines > duckduckgo.com > /",4
"Search Engines > duckduckgo.com > /l/?uddg=https%3A%2F%2Fpythonmarketer.com%2F2020%2F05%2F18%2Fhow-to-make-json-requests-with-python%2F&notrut=duckduck_in",2
"Search Engines > duckduckgo.com > /l/?uddg=https%3A%2F%2Fpythonmarketer.com%2F2019%2F12%2F26%2Fcomparing-text-editors-on-ubuntu-atom-emacs-sublime-vim-vs-code%2F",1
"Search Engines > duckduckgo.com > next.",1
"Search Engines > duckduckgo.com > safe.",1
"Search Engines > duckduckgo.com > /l/?uddg=https%3A%2F%2Fpythonmarketer.com%2F2020%2F05%2F18%2Fhow-to-make-json-requests-with-python%2F&rut=6755c5588f7ad0fef0ce1d0509d7fdf911ab07fd5bad1a9cc5447ac3c8cb1eb1",1
"Search Engines > Yahoo Search",1250
"Search Engines > Yahoo Search > search.yahoo.com",507
"Search Engines > Yahoo Search > in.search.yahoo.com",207
"Search Engines > Yahoo Search > uk.search.yahoo.com",54
"Search Engines > Yahoo Search > fr.search.yahoo.com",39
"Search Engines > Yahoo Search > it.search.yahoo.com",32
"Search Engines > Yahoo Search > r.search.yahoo.com",31
"Search Engines > Yahoo Search > ca.search.yahoo.com",19
"Search Engines > Yahoo Search > es.search.yahoo.com",14
"Search Engines > Yahoo Search > nl.search.yahoo.com",13
"Search Engines > Yahoo Search > hk.search.yahoo.com",12
"Search Engines > Yahoo Search > au.search.yahoo.com",12
"Search Engines > Yahoo Search > us.search.yahoo.com",12
"Search Engines > Yahoo Search > de.search.yahoo.com",12
"Search Engines > Yahoo Search > br.search.yahoo.com",11
"Search Engines > Yahoo Search > vn.search.yahoo.com",9
"Search Engines > Yahoo Search > pl.search.yahoo.com",6
"Search Engines > Yahoo Search > sg.search.yahoo.com",6
"Search Engines > Yahoo Search > ph.search.yahoo.com",6
"Search Engines > Yahoo Search > id.search.yahoo.com",6
"Search Engines > Yahoo Search > tw.search.yahoo.com",5
"Search Engines > Yahoo Search > ar.search.yahoo.com",5
"Search Engines > Yahoo Search > search.yahoo.co.jp",5
"Search Engines > Yahoo Search > tr.search.yahoo.com",5
"Search Engines > Yahoo Search > malaysia.search.yahoo.com",3
"Search Engines > Yahoo Search > r.search.yahoo.com/_ylt=AwrE19Bp.bNfuPMA6LxXNyoA;_ylu=Y29sbwNiZjEEcG9zAzEEdnRpZAMEc2VjA3Ny/RV=2/RE=1605659113/RO=10/RU=https%3a%2f%2fpythonmarketer.com%2f2018%2f01%2f20%2fhow-to-python-pip-install-new-libraries%2f/RK=2/RS=A7TKooSRfSvnTMHfnHH.7C5H14g-",3
"Search Engines > Yahoo Search > mx.search.yahoo.com",3
"Search Engines > Yahoo Search > pe.search.yahoo.com",2
"Search Engines > Yahoo Search > r.search.yahoo.com/_ylt=AwrIN6XHmrphmDAAdxP04olQ;_ylu=Y29sbwNpcjIEcG9zAzEEdnRpZAMEc2VjA3Ny/RV=2/RE=1639648072/RO=10/RU=https%3a%2f%2fpythonmarketer.com%2f2021%2f06%2f10%2fhow-to-fix-your-python-certificates-on-windows%2f/RK=2/RS=m2oJdAlFyoMt8rsBI7LV6g3v6zg-",2
"Search Engines > Yahoo Search > r.search.yahoo.com/_ylt=AwrCmnoOfEZguWcAkQMPxQt.;_ylu=Y29sbwNiZjEEcG9zAzIEdnRpZANDMTU5MF8xBHNlYwNzcg--/RV=2/RE=1615260815/RO=10/RU=https%3a%2f%2fpythonmarketer.com%2f2020%2f05%2f18%2fhow-to-make-json-requests-with-python%2f/RK=2/RS=I1su3seYJ4OdMxdRErf.zgiks9w-",2
"Search Engines > Yahoo Search > r.search.yahoo.com/_ylt=AwrCxGFcagpipUUAZAZEDN04;_ylu=Y29sbwNiZjEEcG9zAzEEdnRpZAMEc2VjA3Ny/RV=2/RE=1644878557/RO=10/RU=https%3a%2f%2fpythonmarketer.com%2f2018%2f01%2f20%2fhow-to-python-pip-install-new-libraries%2f/RK=2/RS=NxBZM1tbg4dpnsKKJr751Oj6ClY-",2
"Search Engines > Yahoo Search > ch.search.yahoo.com",2
"Search Engines > Yahoo Search > r.search.yahoo.com/_ylt=AwrIQZEOPyNjIWwAkxdfCwx.;_ylu=Y29sbwMEcG9zAzkEdnRpZAMEc2VjA3Ny/RV=2/RE=1663283087/RO=10/RU=https%3a%2f%2fpythonmarketer.com%2f2019%2f11%2f30%2finserting-new-records-into-a-microsoft-access-database-with-python%2f/RK=2/RS=v2uWmgiIkaaJ8jGnrCS_6M3wTO0-",2
"Search Engines > Yahoo Search > co.search.yahoo.com",2
"Search Engines > Yahoo Search > fi.search.yahoo.com",2
"Search Engines > Yahoo Search > r.search.yahoo.com/_ylt=AwrTLaBOwCZi9UYAHHRXNyoA;_ylu=Y29sbwNncTEEcG9zAzEEdnRpZAMEc2VjA3Ny/RV=2/RE=1646735566/RO=10/RU=https%3a%2f%2fpythonmarketer.com%2f2018%2f01%2f20%2fhow-to-python-pip-install-new-libraries%2f/RK=2/RS=iLkwYPN0Ba0xD7qV6HMa9u2Ph0k-",2
"Search Engines > Yahoo Search > r.search.yahoo.com/_ylt=AwrVk6KuKttjbT8AIgs36At.;_ylu=Y29sbwNncTEEcG9zAzEEdnRpZAMEc2VjA3Ny/RV=2/RE=1675336495/RO=10/RU=https%3a%2f%2fpythonmarketer.com%2f2018%2f01%2f20%2fhow-to-python-pip-install-new-libraries%2f/RK=2/RS=7HsJZGttlA0xOz8Mjzwp5emzreQ-",2
"Search Engines > Yahoo Search > nz.search.yahoo.com",2
"Search Engines > Yahoo Search > r.search.yahoo.com/_ylt=AwrEZ7mY_tRgZx8A5QwPxQt.;_ylu=Y29sbwNiZjEEcG9zAzcEdnRpZAMEc2VjA3Ny/RV=2/RE=1624600345/RO=10/RU=https%3a%2f%2fpythonmarketer.com%2f2018%2f01%2f20%2fhow-to-python-pip-install-new-libraries%2f/RK=2/RS=komx4MtHjpfdngae7d_fqn_zjAM-",2
"Search Engines > Yahoo Search > r.search.yahoo.com/_ylt=AwrOrrwa.1ljVVYQzCkL5gt.;_ylu=Y29sbwNncTEEcG9zAzEEdnRpZAMEc2VjA3Nj/RV=2/RE=1666870171/RO=10/RU=https%3a%2f%2fpythonmarketer.com%2f2018%2f01%2f20%2fhow-to-python-pip-install-new-libraries%2f%23%3a~%3atext%3dTo%2520view%2520all%2520your%2520installed%2520libraries%252C%2520enter%253A%2520pip%2ccomprehensive%2520list%2520of%2520libraries%2520you%2520can%2520now%2520install./RK=2/RS=S1TgTqU2cVfW_smYGJDr1aRgiZw-",2
"Search Engines > Yahoo Search > r.search.yahoo.com/_ylt=AwrxzRXAAn1iS1sA8CO7HAx.;_ylu=Y29sbwNzZzMEcG9zAzIEdnRpZAMEc2VjA3Ny/RV=2/RE=1652388673/RO=10/RU=https%3a%2f%2fpythonmarketer.com%2f2021%2f06%2f10%2fhow-to-fix-your-python-certificates-on-windows%2f/RK=2/RS=LdVPppO0jBpsfl1Zvoitv.3KcVI-",1
"Search Engines > Yahoo Search > r.search.yahoo.com/_ylt=Awrx1BTw4B1inwEAFAC7HAx.;_ylu=Y29sbwNzZzMEcG9zAzEEdnRpZAMEc2VjA3Ny/RV=2/RE=1646154097/RO=10/RU=https%3a%2f%2fpythonmarketer.com%2f2020%2f05%2f25%2fessential-mysql-terminal-commands-and-connecting-to-mysql-with-flask-pandas-and-pythonanywhere%2f/RK=2/RS=O8ilkJKIMt85t16apOIVTwBihpU-",1
"Search Engines > Yahoo Search > r.search.yahoo.com/_ylt=Awrx3q1ETxtidR0AsQDLQwx.;_ylu=Y29sbwNzZzMEcG9zAzMEdnRpZAMEc2VjA3Ny/RV=2/RE=1645985732/RO=10/RU=https%3a%2f%2fpythonmarketer.com%2f2018%2f01%2f20%2fhow-to-python-pip-install-new-libraries%2f/RK=2/RS=vOSe7n7eMXIjzJBydaCAIcYMuvM-",1
"Search Engines > Yahoo Search > r.search.yahoo.com/_ylt=AwrtFmXBvT1iylIAoQpr1gt.;_ylu=Y29sbwN0dzEEcG9zAzUEdnRpZAMEc2VjA3Ny/RV=2/RE=1648242242/RO=10/RU=https%3a%2f%2fpythonmarketer.com%2f2019%2f04%2f12%2fdatasets-plotting-using-jupyter-pandas-and-matplotlib%2f/RK=2/RS=vSWPTMRdUns2celPwZ80IaIOKHc-",1
"Search Engines > Yahoo Search > r.search.yahoo.com/_ylt=AwrC3Rvk5QFiKjAA5y4XFwx.;_ylu=Y29sbwNiZjEEcG9zAzEEdnRpZAMEc2VjA3Ny/RV=2/RE=1644320356/RO=10/RU=https%3a%2f%2fpythonmarketer.com%2f2021%2f06%2f10%2fhow-to-fix-your-python-certificates-on-windows%2f/RK=2/RS=_bZFhkJhIHwkXcJjCv0xIBpvlws-",1
"Search Engines > Yahoo Search > r.search.yahoo.com/_ylt=AwrxzMz1EDxikFMAdADLQwx.;_ylu=Y29sbwNzZzMEcG9zAzEEdnRpZAMEc2VjA3Ny/RV=2/RE=1648132470/RO=10/RU=https%3a%2f%2fpythonmarketer.com%2f2018%2f01%2f20%2fhow-to-python-pip-install-new-libraries%2f/RK=2/RS=s.Vqd_.PFVMds.CiW5DvDsyVscM-",1
"Search Engines > Yahoo Search > r.search.yahoo.com/_ylt=AwrCmuOEu3Vill8AMkwPxQt.;_ylu=Y29sbwNiZjEEcG9zAzMEdnRpZAMEc2VjA3Ny/RV=2/RE=1651911685/RO=10/RU=https%3a%2f%2fpythonmarketer.com%2f2018%2f01%2f20%2fhow-to-python-pip-install-new-libraries%2f/RK=2/RS=yX1M2wGJeNRaKwNRLVJJSPDWxkM-",1
"Search Engines > Yahoo Search > r.search.yahoo.com/_ylt=AwrINWDXUYdimhAAIC8k24lQ;_ylu=Y29sbwNpcjIEcG9zAzMEdnRpZAMEc2VjA3Ny/RV=2/RE=1653064280/RO=10/RU=https%3a%2f%2fpythonmarketer.com%2f2018%2f01%2f20%2fhow-to-python-pip-install-new-libraries%2f/RK=2/RS=XgR8xRcGQ6eaedp5_lF90hVoSB4-",1
"Search Engines > Yahoo Search > r.search.yahoo.com/_ylt=AwrJ61fQH3hiBJ8AdjdXNyoA;_ylu=Y29sbwNiZjEEcG9zAzUEdnRpZANMT0NVSTAzOF8xBHNlYwNzcg--/RV=2/RE=1652068433/RO=10/RU=https%3a%2f%2fpythonmarketer.com%2f2019%2f04%2f12%2fdatasets-plotting-using-jupyter-pandas-and-matplotlib%2f/RK=2/RS=cp4KSRc7cJO26NV9fj6bml6V3Kk-",1
"Search Engines > Yahoo Search > r.search.yahoo.com/_ylt=AwrJ7FqJWoFiTUsA_PVXNyoA;_ylu=Y29sbwNiZjEEcG9zAzEEdnRpZAMEc2VjA3Ny/RV=2/RE=1652673289/RO=10/RU=https%3a%2f%2fpythonmarketer.com%2f2018%2f01%2f20%2fhow-to-python-pip-install-new-libraries%2f/RK=2/RS=d8g.6NhUl0WbIYdhKE2ED2nqHKg-",1
"Search Engines > Yahoo Search > r.search.yahoo.com/_ylt=AwrxwXrk8g1i4XcA.SG7HAx.;_ylu=Y29sbwNzZzMEcG9zAzMEdnRpZAMEc2VjA3Ny/RV=2/RE=1645110116/RO=10/RU=https%3a%2f%2fpythonmarketer.com%2f2018%2f01%2f20%2fhow-to-python-pip-install-new-libraries%2f/RK=2/RS=vRTy.ngzWR_TbSvYbOFrHAFqts4-",1
"Search Engines > Yahoo Search > r.search.yahoo.com/_ylt=AwrEwhX0SvFh8BoA1JZXNyoA;_ylu=Y29sbwNiZjEEcG9zAzIEdnRpZANQSFhMTkNfMQRzZWMDc3I-/RV=2/RE=1643232116/RO=10/RU=https%3a%2f%2fpythonmarketer.com%2f2018%2f01%2f20%2fhow-to-python-pip-install-new-libraries%2f/RK=2/RS=LSOikkeFakD_Ka.W8T48tJLpvyQ-",1
"Search Engines > Yahoo Search > r.search.yahoo.com/_ylt=AwrwXxTqZBJiz1oAcQTnHgx.;_ylu=Y29sbwMEcG9zAzUEdnRpZAMEc2VjA3Ny/RV=2/RE=1645401450/RO=10/RU=https%3a%2f%2fpythonmarketer.com%2f2018%2f01%2f20%2fhow-to-python-pip-install-new-libraries%2f/RK=2/RS=cP8fc3K.CeV4dtXDYAfyIR9tlbQ-",1
"Search Engines > Yahoo Search > r.search.yahoo.com/_ylt=Awr9Du8DoARicJYA3PpXNyoA;_ylu=Y29sbwNncTEEcG9zAzEEdnRpZAMEc2VjA3Ny/RV=2/RE=1644499075/RO=10/RU=https%3a%2f%2fpythonmarketer.com%2f2020%2f05%2f25%2fessential-mysql-terminal-commands-and-connecting-to-mysql-with-flask-pandas-and-pythonanywhere%2f/RK=2/RS=K9cyXNFS_KpxmiwxyRixeFqM74o-",1
"Search Engines > Yahoo Search > r.search.yahoo.com/_ylt=AwrEze2nKX5i3QsAvldXNyoA;_ylu=Y29sbwNiZjEEcG9zAzMEdnRpZANMT0NVSTA0NV8xBHNlYwNzcg--/RV=2/RE=1652464168/RO=10/RU=https%3a%2f%2fpythonmarketer.com%2f2018%2f03%2f30%2fcleaning-data-with-python%2f/RK=2/RS=xwtR7bDHsr8imJXYWAgPvRoky1Q-",1
"Search Engines > Yahoo Search > r.search.yahoo.com/_ylt=Awr9IllWwudhXpgAK5xXNyoA;_ylu=Y29sbwNncTEEcG9zAzEEdnRpZAMEc2VjA3Nj/RV=2/RE=1642607318/RO=10/RU=https%3a%2f%2fpythonmarketer.com%2f2020%2f05%2f18%2fhow-to-make-json-requests-with-python%2f%23%3a~%3atext%3dTo%2520make%2520a%2520request%252C%2520you%2520send%2520a%2520payload%2cPython%252C%2520it%2520might%2520accept%2520an%2520actual%2520Python%2520dictionary./RK=2/RS=_UN4oKq_xqMUlUqNygU6DtSjPcA-",1
"Search Engines > Yahoo Search > r.search.yahoo.com/_ylt=AwrJO1XH61ti8BoAZwlfCwx.;_ylu=Y29sbwMEcG9zAzcEdnRpZAMEc2VjA3Ny/RV=2/RE=1650220104/RO=10/RU=https%3a%2f%2fpythonmarketer.com%2f2018%2f01%2f20%2fhow-to-python-pip-install-new-libraries%2f/RK=2/RS=1uvxCkVo46tbg4EndjfJV.DNnK8-",1
"Search Engines > Yahoo Search > r.search.yahoo.com/_ylt=Awr9IlRox.dh848AkaxXNyoA;_ylu=Y29sbwNncTEEcG9zAzEEdnRpZAMEc2VjA3Nj/RV=2/RE=1642608617/RO=10/RU=https%3a%2f%2fpythonmarketer.com%2f2020%2f05%2f18%2fhow-to-make-json-requests-with-python%2f%23%3a~%3atext%3dTo%2520make%2520a%2520request%252C%2520you%2520send%2520a%2520payload%2cPython%252C%2520it%2520might%2520accept%2520an%2520actual%2520Python%2520dictionary./RK=2/RS=WmDe5Qngo9hxHpKPOJKDyxv_YMM-",1
"Search Engines > Yahoo Search > r.search.yahoo.com/_ylt=AwrJ7FhkEFBi0nQAHAVXNyoA;_ylu=Y29sbwNiZjEEcG9zAzEEdnRpZANMT0NVSTAzNl8xBHNlYwNzcg--/RV=2/RE=1649443045/RO=10/RU=https%3a%2f%2fpythonmarketer.com%2f2018%2f01%2f20%2fhow-to-python-pip-install-new-libraries%2f/RK=2/RS=3hqut72MMDYkRUEZEVuzcBFc63E-",1
"Search Engines > Yahoo Search > r.search.yahoo.com/_ylt=Awrx1LRgMGli6XgA1wG7HAx.;_ylu=Y29sbwNzZzMEcG9zAzEEdnRpZAMEc2VjA3Ny/RV=2/RE=1651089632/RO=10/RU=https%3a%2f%2fpythonmarketer.com%2f2022%2f01%2f30%2ffix-spelling-and-grammar-with-language_tool_python-and-textblob%2f/RK=2/RS=Z_fp0MQAF.Qsimm3BKaPQaw7Zgo-",1
"Search Engines > Yahoo Search > r.search.yahoo.com/_ylt=AwrxzgHbUCRiQmQAUw67HAx.;_ylu=Y29sbwNzZzMEcG9zAzMEdnRpZAMEc2VjA3Ny/RV=2/RE=1646575963/RO=10/RU=https%3a%2f%2fpythonmarketer.com%2f2019%2f04%2f12%2fdatasets-plotting-using-jupyter-pandas-and-matplotlib%2f/RK=2/RS=kfVtyV3hfpVUnDQFhsvOG9ezraY-",1
"Search Engines > Yahoo Search > r.search.yahoo.com/_ylt=AwrJ7FqH5z5iNxMA22dXNyoA;_ylu=Y29sbwNiZjEEcG9zAzUEdnRpZANMT0NVSTAzN18xBHNlYwNzcg--/RV=2/RE=1648318471/RO=10/RU=https%3a%2f%2fpythonmarketer.com%2f2018%2f03%2f30%2fcleaning-data-with-python%2f/RK=2/RS=6bCHO5vl1QvMP2aJfCHaHaH3uXk-",1
"Search Engines > Yahoo Search > r.search.yahoo.com/_ylt=Awrjd576NXtjkgAyNOFNBQx.;_ylu=c2VjA3NyBHNsawNpbWcEb2lkAzBhYzA1M2NlMzJjZjBhNjAyNTdjMGRmNWI1YTBjNmQwBGdwb3MDODQEaXQDYmluZw--/RV=2/RE=1669047931/RO=11/RU=https%3a%2f%2fpythonmarketer.wordpress.com%2f2020%2f05%2f25%2fessential-mysql-terminal-commands-and-connecting-to-mysql-with-flask-pandas-and-pythonanywhere%2f/RK=2/RS=L2gvE4w7QwlGMqglYxSyXfOyb2w-",1
"Search Engines > Yahoo Search > r.search.yahoo.com/_ylt=AwrEeNvyJkti8lgAFggXFwx.;_ylu=Y29sbwNiZjEEcG9zAzIEdnRpZAMEc2VjA3Ny/RV=2/RE=1649121139/RO=10/RU=https%3a%2f%2fpythonmarketer.com%2f2020%2f05%2f18%2fhow-to-make-json-requests-with-python%2f/RK=2/RS=sA3OXiOF3fbljS0tS23R1UqA34w-",1
"Search Engines > Yahoo Search > r.search.yahoo.com/_ylt=Awrxyj9G7S1ilG0A4RGzygt.;_ylu=Y29sbwNzZzMEcG9zAzUEdnRpZAMEc2VjA3Ny/RV=2/RE=1647205831/RO=10/RU=https%3a%2f%2fpythonmarketer.com%2f2019%2f12%2f21%2fcopying-a-csv-file-to-google-sheets-with-pygsheets%2f/RK=2/RS=gFOqpj.hjCletE.djRhqq8AERag-",1
"Search Engines > Yahoo Search > cl.search.yahoo.com",1
"Search Engines > Yahoo Search > r.search.yahoo.com/_ylt=AwrCwPOBJEtijyUAlhwXFwx.;_ylu=Y29sbwNiZjEEcG9zAzEEdnRpZAMEc2VjA3Nj/RV=2/RE=1649120514/RO=10/RU=https%3a%2f%2fpythonmarketer.com%2f2020%2f05%2f18%2fhow-to-make-json-requests-with-python%2f%23%3a~%3atext%3dAPI%2520data%2520is%2520commonly%2520returned%2520in%2520multiple%2520pages%2chow%2520many%2520items%2520you%2520want%2520on%2520a%2520page./RK=2/RS=2ubX6EOy_mB2KEzreKdBm1Rk6ik-",1
"Search Engines > Yahoo Search > r.search.yahoo.com/_ylt=AwrTLYhP8ipiDToAe0FXNyoA;_ylu=Y29sbwNncTEEcG9zAzQEdnRpZAMEc2VjA3Ny/RV=2/RE=1647010512/RO=10/RU=https%3a%2f%2fpythonmarketer.com%2f2021%2f06%2f10%2fhow-to-fix-your-python-certificates-on-windows%2f/RK=2/RS=wbKsUAJFLASxXKcQ5K_XBJbpMi0-",1
"Search Engines > Yahoo Search > r.search.yahoo.com/_ylt=Awr9CI7RAypiE1oA0wlXNyoA;_ylu=Y29sbwNncTEEcG9zAzQEdnRpZAMEc2VjA3Ny/RV=2/RE=1646949458/RO=10/RU=https%3a%2f%2fpythonmarketer.com%2f2021%2f06%2f10%2fhow-to-fix-your-python-certificates-on-windows%2f/RK=2/RS=6c8udoem9yxx0VnANz2Lj5HgxoQ-",1
"Search Engines > Yahoo Search > r.search.yahoo.com/_ylt=Awr9Dtny72Bic5oAvHZXNyoA;_ylu=Y29sbwNncTEEcG9zAzEEdnRpZANMT0NVSTAzN0JfMQRzZWMDc2M-/RV=2/RE=1650548850/RO=10/RU=https%3a%2f%2fpythonmarketer.com%2f2018%2f11%2f25%2fautomated-python-with-windows-task-scheduler%2f%23%3a~%3atext%3dHere%25E2%2580%2599s%2520how%2520to%2520schedule%2520a%2520Python%2520script%2520to%2call%2520of%2520the%2520tasks%2520Windows%2520is%2520running%2520automatically./RK=2/RS=wvAy46bQv559M_XXtSeL1dYUgoU-",1
"Search Engines > Yahoo Search > r.search.yahoo.com/_ylt=AwrTLbMf7GFinAsAnodXNyoA;_ylu=Y29sbwNncTEEcG9zAzIEdnRpZANMT0NVSTAzOEJfMQRzZWMDc3I-/RV=2/RE=1650613407/RO=10/RU=https%3a%2f%2fpythonmarketer.com%2f2018%2f01%2f20%2fhow-to-python-pip-install-new-libraries%2f/RK=2/RS=XSZHhh9juye.0dhziQ6g5NvFeaQ-",1
"Search Engines > Yahoo Search > r.search.yahoo.com/_ylt=AwrIdVd3mWJieB4AmQozhgx.;_ylu=Y29sbwNpcjIEcG9zAzcEdnRpZAMEc2VjA3Ny/RV=2/RE=1650657784/RO=10/RU=https%3a%2f%2fpythonmarketer.com%2f2020%2f05%2f25%2fessential-mysql-terminal-commands-and-connecting-to-mysql-with-flask-pandas-and-pythonanywhere%2f/RK=2/RS=exa0IflWcjciycX6bE2zBfTr1bo-",1
"Search Engines > Yahoo Search > r.search.yahoo.com/_ylt=AwrLE3XUdlhiGH0A_xzc5olQ;_ylu=Y29sbwNpcjIEcG9zAzIEdnRpZAMEc2VjA3Ny/RV=2/RE=1649993557/RO=10/RU=https%3a%2f%2fpythonmarketer.com%2f2018%2f01%2f20%2fhow-to-python-pip-install-new-libraries%2f/RK=2/RS=7_KcANFpJ6XpmPgK3HmQ2VkPqsc-",1
"Search Engines > Yahoo Search > r.search.yahoo.com/_ylt=AwrJ6yyYgDliPv4A_dlXNyoA;_ylu=Y29sbwNiZjEEcG9zAzMEdnRpZANMT0NVSTAzN18xBHNlYwNzcg--/RV=2/RE=1647964441/RO=10/RU=https%3a%2f%2fpythonmarketer.com%2f2018%2f01%2f20%2fhow-to-python-pip-install-new-libraries%2f/RK=2/RS=cLA0Ypv2CdhrjUDvGRTW84xqNp4-",1
"Search Engines > Yahoo Search > r.search.yahoo.com/_ylt=AwrjcG8Te71j2wUJyi5XNyoA;_ylu=Y29sbwNncTEEcG9zAzEEdnRpZAMEc2VjA3Ny/RV=2/RE=1673390995/RO=10/RU=https%3a%2f%2fpythonmarketer.com%2f2018%2f01%2f20%2fhow-to-python-pip-install-new-libraries%2f/RK=2/RS=O9RtJFdfN5Jnf86Sk1hrrrjuWD8-",1
"Search Engines > Yahoo Search > r.search.yahoo.com/_ylt=Awr1SmZoDOpjhhcWKpC7HAx.;_ylu=Y29sbwNzZzMEcG9zAzQEdnRpZAMEc2VjA3Ny/RV=2/RE=1676311785/RO=10/RU=https%3a%2f%2fpythonmarketer.com%2f2022%2f02%2f23%2fsix-must-read-python-enhancement-proposals%2f/RK=2/RS=7UONo0kkdm0XJkjsUs3S6rzktU0-",1
"Search Engines > Yahoo Search > r.search.yahoo.com/_ylt=AwrLN9ih5eRjF0INViUM34lQ;_ylu=Y29sbwNpcjIEcG9zAzMEdnRpZAMEc2VjA3Ny/RV=2/RE=1675974178/RO=10/RU=https%3a%2f%2fpythonmarketer.com%2f2020%2f05%2f25%2fessential-mysql-terminal-commands-and-connecting-to-mysql-with-flask-pandas-and-pythonanywhere%2f/RK=2/RS=W6FSS.dXel9VLhPbW3QcDiuNk3k-",1
"Search Engines > Yahoo Search > r.search.yahoo.com/_ylt=AwrFOUr3b.JjskgO2zBXNyoA;_ylu=Y29sbwNiZjEEcG9zAzQEdnRpZAMEc2VjA3Ny/RV=2/RE=1675812984/RO=10/RU=https%3a%2f%2fpythonmarketer.com%2f2018%2f01%2f20%2fhow-to-python-pip-install-new-libraries%2f/RK=2/RS=kT8csQFmhH9uWQFN6jllE77xaXw-",1
"Search Engines > Yahoo Search > r.search.yahoo.com/_ylt=AwrKFzeew.FjWCEDBunLQwx.;_ylu=Y29sbwNzZzMEcG9zAzYEdnRpZAMEc2VjA3Ny/RV=2/RE=1675768863/RO=10/RU=https%3a%2f%2fpythonmarketer.com%2f2021%2f06%2f10%2fhow-to-fix-your-python-certificates-on-windows%2f/RK=2/RS=VEZuKA1pIVxMB8cDhuS5vNAWxbY-",1
"Search Engines > Yahoo Search > r.search.yahoo.com/_ylt=Awr.xug2lN5j2Q8eZJozhgx.;_ylu=Y29sbwNncTEEcG9zAzIEdnRpZAMEc2VjA3Ny/RV=2/RE=1675560119/RO=10/RU=https%3a%2f%2fpythonmarketer.com%2f2019%2f11%2f30%2finserting-new-records-into-a-microsoft-access-database-with-python%2f/RK=2/RS=z_Phr3NuNYKvXtLjGC6La5FK1Gg-",1
"Search Engines > Yahoo Search > r.search.yahoo.com/_ylt=AwrIS.gGz9xj6DYAiCkU8yA5;_ylu=Y29sbwMEcG9zAzEEdnRpZAMEc2VjA3Ny/RV=2/RE=1675444103/RO=10/RU=https%3a%2f%2fpythonmarketer.com%2f2021%2f07%2f28%2fa-brief-summary-of-promising-python-static-site-generators%2f/RK=2/RS=u.UbxlWfYTVr.ijU_loJITe80eU-",1
"Search Engines > Yahoo Search > r.search.yahoo.com/_ylt=AwrCmmSeA9hjlW4AeAUXFwx.;_ylu=Y29sbwNiZjEEcG9zAzMEdnRpZAMEc2VjA3Ny/RV=2/RE=1675129887/RO=10/RU=https%3a%2f%2fpythonmarketer.com%2f2018%2f01%2f20%2fhow-to-python-pip-install-new-libraries%2f/RK=2/RS=BCh0jMvRZwYnzn8qUrTEtCcn.Gc-",1
"Search Engines > Yahoo Search > r.search.yahoo.com/_ylt=AwrO6S3yXNNjj0UHqg9XNyoA;_ylu=Y29sbwNncTEEcG9zAzIEdnRpZAMEc2VjA3Nj/RV=2/RE=1674825074/RO=10/RU=https%3a%2f%2fpythonmarketer.com%2f2022%2f02%2f23%2fsix-must-read-python-enhancement-proposals%2f/RK=2/RS=gSNMc5Ru6dg9ze9RV65XdXoB_ZY-",1
"Search Engines > Yahoo Search > r.search.yahoo.com/_ylt=AwrJ6SQw1VVi9b4AI35XNyoA;_ylu=Y29sbwNiZjEEcG9zAzUEdnRpZAMEc2VjA3Ny/RV=2/RE=1649821104/RO=10/RU=https%3a%2f%2fpythonmarketer.com%2f2020%2f05%2f18%2fhow-to-make-json-requests-with-python%2f/RK=2/RS=BrbVIswK2WhCZjdUgeqeQxbM2X0-",1
"Search Engines > Yahoo Search > r.search.yahoo.com/_ylt=AwrE.3YgBzVj6iAT7xJx.9w4;_ylu=Y29sbwNiZjEEcG9zAzYEdnRpZAMEc2VjA3Ny/RV=2/RE=1664448417/RO=10/RU=https%3a%2f%2fpythonmarketer.com%2f2020%2f05%2f18%2fhow-to-make-json-requests-with-python%2f/RK=2/RS=NYyP4Ijgj_0f7hLV07sfknp9SnE-",1
"Search Engines > Yahoo Search > r.search.yahoo.com/_ylt=AwrId5Cxk.ZhAhEAaR8k24lQ;_ylu=Y29sbwNpcjIEcG9zAzIEdnRpZAMEc2VjA3Ny/RV=2/RE=1642529842/RO=10/RU=https%3a%2f%2fpythonmarketer.com%2f2020%2f05%2f18%2fhow-to-make-json-requests-with-python%2f/RK=2/RS=_VwBE1C8dq_KW3WMkfR1vgGGHQo-",1
"Search Engines > Yahoo Search > r.search.yahoo.com/_ylt=AwrC_C3GZchiynoA9RQPxQt.;_ylu=Y29sbwNiZjEEcG9zAzIEdnRpZAMEc2VjA3Ny/RV=2/RE=1657329223/RO=10/RU=https%3a%2f%2fpythonmarketer.com%2f2021%2f06%2f10%2fhow-to-fix-your-python-certificates-on-windows%2f/RK=2/RS=frD_QLhqmbksDY9OtlmFSGGXHKk-",1
"Search Engines > Yahoo Search > r.search.yahoo.com/_ylt=AwrEmOl3xXNjI7QRVGBXNyoA;_ylu=Y29sbwNiZjEEcG9zAzEEdnRpZAMEc2VjA3Nj/RV=2/RE=1668560375/RO=10/RU=https%3a%2f%2fpythonmarketer.com%2f2018%2f01%2f20%2fhow-to-python-pip-install-new-libraries%2f%23%3a~%3atext%3dHow%2520to%2520Install%2520Libraries%2520and%2520Enable%2520the%2520pip%2cmatch%2520your%2520Python%2520version%2520if%2520it%25E2%2580%2599s%2520not/RK=2/RS=_rqemphPu8ZgCxQhqta4piGNacc-",1
"Search Engines > Yahoo Search > r.search.yahoo.com/_ylt=Awr1SmZoDOpjhhcWF5C7HAx.;_ylu=Y29sbwNzZzMEcG9zAzIEdnRpZAMEc2VjA3Nj/RV=2/RE=1676311785/RO=10/RU=https%3a%2f%2fpythonmarketer.com%2f2022%2f02%2f23%2fsix-must-read-python-enhancement-proposals%2f/RK=2/RS=7UONo0kkdm0XJkjsUs3S6rzktU0-",1
"Search Engines > Yahoo Search > r.search.yahoo.com/_ylt=AwrjZdl61FdjdYUFf.1XNyoA;_ylu=Y29sbwNncTEEcG9zAzEEdnRpZANMT0NVSTA1NF8xBHNlYwNzcg--/RV=2/RE=1666729211/RO=10/RU=https%3a%2f%2fpythonmarketer.com%2f2018%2f01%2f20%2fhow-to-python-pip-install-new-libraries%2f/RK=2/RS=uQvpIvBamQb2kIyejN46ZyPMmiE-",1
"Search Engines > Yahoo Search > r.search.yahoo.com/_ylt=AwrLDrqClVdkAkkMn8BHDwx.;_ylu=Y29sbwMEcG9zAzUEdnRpZAMEc2VjA3Ny/RV=2/RE=1683490306/RO=10/RU=https%3a%2f%2fpythonmarketer.com%2f2018%2f01%2f20%2fhow-to-python-pip-install-new-libraries%2f/RK=2/RS=2bn6u5d_FobQYZgE_LvuvO0YcQU-",1
"Search Engines > Yahoo Search > r.search.yahoo.com/_ylt=AwrihyprQVVksEsTnxvz6Qt.;_ylu=Y29sbwNiZjEEcG9zAzUEdnRpZAMEc2VjA3Ny/RV=2/RE=1683337708/RO=10/RU=https%3a%2f%2fpythonmarketer.com%2f2020%2f05%2f18%2fhow-to-make-json-requests-with-python%2f/RK=2/RS=0hJRvwVGmSzWLNPlXs6zC7zbjos-",1
"Search Engines > Yahoo Search > r.search.yahoo.com/_ylt=AwrFN0lRhz1kVaYIyxRXNyoA;_ylu=Y29sbwNiZjEEcG9zAzQEdnRpZAMEc2VjA3Ny/RV=2/RE=1681782737/RO=10/RU=https%3a%2f%2fpythonmarketer.com%2f2020%2f05%2f18%2fhow-to-make-json-requests-with-python%2f/RK=2/RS=6olyfvy4C4lggqYQc2gIY1sBMr0-",1
"Search Engines > Yahoo Search > r.search.yahoo.com/_ylt=Awr1TbvUmDpkIiomfcCzRwx.;_ylu=Y29sbwNzZzMEcG9zAzUEdnRpZAMEc2VjA3Ny/RV=2/RE=1681590613/RO=10/RU=https%3a%2f%2fpythonmarketer.com%2f2018%2f01%2f20%2fhow-to-python-pip-install-new-libraries%2f/RK=2/RS=1NCIbQ_aSEa6mvG2sUF06ki9ufQ-",1
"Search Engines > Yahoo Search > r.search.yahoo.com/_ylt=Awr.nrKR.RpktlMNLiAM34lQ;_ylu=Y29sbwNpcjIEcG9zAzEEdnRpZAMEc2VjA3Nj/RV=2/RE=1679518226/RO=10/RU=https%3a%2f%2fpythonmarketer.com%2f2018%2f01%2f20%2fhow-to-python-pip-install-new-libraries%2f%23%3a~%3atext%3dUsing%2520command%2520prompt%25E2%2580%2599s%2520cd%2520command%2520with%2520a%2520Windows%2cprompt%2520that%2520shows%2520installation%252Fupdating%2520of%2520%25E2%2580%259Csetup%25E2%2580%259D%2520and%2520%25E2%2580%259Cwheel%25E2%2580%259D./RK=2/RS=3LL9_aDb8nxva9DObOnS1wmy4co-",1
"Search Engines > Yahoo Search > r.search.yahoo.com/_ylt=Awrigx0_._NjBE4H6xKV.Qt.;_ylu=c2VjA3NyBHNsawNpbWcEb2lkAzBhYzA1M2NlMzJjZjBhNjAyNTdjMGRmNWI1YTBjNmQwBGdwb3MDMjI3BGl0A2Jpbmc-/RV=2/RE=1676962751/RO=11/RU=https%3a%2f%2fpythonmarketer.wordpress.com%2f2020%2f05%2f25%2fessential-mysql-terminal-commands-and-connecting-to-mysql-with-flask-pandas-and-pythonanywhere%2f/RK=2/RS=Vw9ZQAk.R27uCJGjzLOMJuXiocA-",1
"Search Engines > Yahoo Search > r.search.yahoo.com/_ylt=AwrhdTUR.QRkx_I7GuBXNyoA;_ylu=Y29sbwNiZjEEcG9zAzYEdnRpZAMEc2VjA3Ny/RV=2/RE=1678076305/RO=10/RU=https%3a%2f%2fpythonmarketer.com%2f2020%2f05%2f18%2fhow-to-make-json-requests-with-python%2f/RK=2/RS=48hA.SUUxb.dRqWcob2PQi9dsG0-",1
"Search Engines > Yahoo Search > r.search.yahoo.com/_ylt=AwrKCcpqz3VjLZMAaru7HAx.;_ylu=Y29sbwNzZzMEcG9zAzUEdnRpZAMEc2VjA3Ny/RV=2/RE=1668693995/RO=10/RU=https%3a%2f%2fpythonmarketer.com%2f2018%2f01%2f20%2fhow-to-python-pip-install-new-libraries%2f/RK=2/RS=8T47uC9ldThXQRdrOScmwJm2axM-",1
"Search Engines > Yahoo Search > r.search.yahoo.com/_ylt=Awr1UXr8jvxjwgYbOnC7HAx.;_ylu=Y29sbwNzZzMEcG9zAzIEdnRpZAMEc2VjA3Ny/RV=2/RE=1677524861/RO=10/RU=https%3a%2f%2fpythonmarketer.com%2f2019%2f12%2f21%2fcopying-a-csv-file-to-google-sheets-with-pygsheets%2f/RK=2/RS=nrHpjJ.qo9bZUt9Fy2CE7US5DhE-",1
"Search Engines > Yahoo Search > r.search.yahoo.com/_ylt=AwrIQhxApvtjvYkAFziPAwx.;_ylu=Y29sbwMEcG9zAzIEdnRpZAMEc2VjA3Ny/RV=2/RE=1677465280/RO=10/RU=https%3a%2f%2fpythonmarketer.com%2f2018%2f01%2f20%2fhow-to-python-pip-install-new-libraries%2f/RK=2/RS=qZPkA3KcKqosL2L7KoEh7dzXehE-",1
"Search Engines > Yahoo Search > r.search.yahoo.com/_ylt=AwrIQZGzpvtjzycAZRaPAwx.;_ylu=Y29sbwMEcG9zAzUEdnRpZAMEc2VjA3Ny/RV=2/RE=1677465395/RO=10/RU=https%3a%2f%2fpythonmarketer.com%2f2018%2f01%2f20%2fhow-to-python-pip-install-new-libraries%2f/RK=2/RS=nj6WHTPULMZOLLhMnM_2IYtfsyE-",1
"Search Engines > Yahoo Search > r.search.yahoo.com/_ylt=AwrCwPQ3IvVjkAEAhQIPxQt.;_ylu=Y29sbwNiZjEEcG9zAzMEdnRpZAMEc2VjA3Ny/RV=2/RE=1677038264/RO=10/RU=https%3a%2f%2fpythonmarketer.com%2f2020%2f05%2f18%2fhow-to-make-json-requests-with-python%2f/RK=2/RS=ZYc0z.uHswagqQ80C_EEcSuPctA-",1
"Search Engines > Yahoo Search > r.search.yahoo.com/_ylt=AwrNOZh4XvRjJLARWFxXNyoA;_ylu=Y29sbwNiZjEEcG9zAzMEdnRpZANBRFRFU1RTMTJfMQRzZWMDc3I-/RV=2/RE=1676988152/RO=10/RU=https%3a%2f%2fpythonmarketer.com%2f2020%2f05%2f18%2fhow-to-make-json-requests-with-python%2f/RK=2/RS=Lg4fIHIOefBNNWP9teCSGhb1KGg-",1
"Search Engines > Yahoo Search > r.search.yahoo.com/_ylt=AwrwBpV0gVtjdPUA2TfnHgx.;_ylu=Y29sbwMEcG9zAzEEdnRpZAMEc2VjA3Ny/RV=2/RE=1666970101/RO=10/RU=https%3a%2f%2fpythonmarketer.com%2f2018%2f01%2f20%2fhow-to-python-pip-install-new-libraries%2f/RK=2/RS=COPAlM1tgkGDmLunt3RYitBGnRc-",1
"Search Engines > Yahoo Search > r.search.yahoo.com/_ylt=Awrx5ZbIeFdjiUAAvTHnHgx.;_ylu=Y29sbwMEcG9zAzIEdnRpZAMEc2VjA3Ny/RV=2/RE=1666705737/RO=10/RU=https%3a%2f%2fpythonmarketer.com%2f2018%2f01%2f20%2fhow-to-python-pip-install-new-libraries%2f/RK=2/RS=KVH6lf9Zyf_C93oc9qRJpfNxjXY-",1
"Search Engines > Yahoo Search > r.search.yahoo.com/_ylt=Awr1Sl5KdItiBkc923tu9olQ;_ylu=c2VjA2ZwLWF0dHJpYgRzbGsDcnVybA--/RV=2/RE=1653335242/RO=11/RU=https%3a%2f%2fpythonmarketer.com%2f2020%2f10%2f07%2fmaking-a-youtube-video-downloader-with-pythons-flask-and-pytube3-libraries%2f/RK=2/RS=0IGbvu0vBufkFRliFxPTFoDpHog-",1
"Search Engines > Yahoo Search > r.search.yahoo.com/_ylt=AwrjbTr.w7ZiU24MzIdXNyoA;_ylu=Y29sbwNncTEEcG9zAzIEdnRpZAMEc2VjA3Ny/RV=2/RE=1656173695/RO=10/RU=https%3a%2f%2fpythonmarketer.com%2f2020%2f05%2f18%2fhow-to-make-json-requests-with-python%2f/RK=2/RS=uE7jRuSbZ5T.7aqgKd7SwEytcZU-",1
"Search Engines > Yahoo Search > r.search.yahoo.com/_ylt=AwrE.45TsQ9kQPIUoQzD8Qt.;_ylu=Y29sbwNiZjEEcG9zAzMEdnRpZAMEc2VjA3Ny/RV=2/RE=1678778835/RO=10/RU=https%3a%2f%2fpythonmarketer.com%2f2021%2f06%2f10%2fhow-to-fix-your-python-certificates-on-windows%2f/RK=2/RS=owEVkkkX.1rYzK4_DBFw.2EoNoc-",1
"Search Engines > Yahoo Search > r.search.yahoo.com/_ylt=AwrKBKwAu8ZiAKsKNci7HAx.;_ylu=Y29sbwNzZzMEcG9zAzMEdnRpZAMEc2VjA3Ny/RV=2/RE=1657219969/RO=10/RU=https%3a%2f%2fpythonmarketer.com%2f2020%2f05%2f18%2fhow-to-make-json-requests-with-python%2f/RK=2/RS=8eO08wEPMnTZXRFRkdSFM.7NtdA-",1
"Search Engines > Yahoo Search > r.search.yahoo.com/_ylt=Awr98868.b5jpKYJ5_RXNyoA;_ylu=Y29sbwNncTEEcG9zAzEEdnRpZAMEc2VjA3Nj/RV=2/RE=1673488957/RO=10/RU=https%3a%2f%2fpythonmarketer.com%2f2020%2f05%2f25%2fessential-mysql-terminal-commands-and-connecting-to-mysql-with-flask-pandas-and-pythonanywhere%2f%23%3a~%3atext%3dTo%2520get%2520your%2520Flask%2520app%25E2%2580%2599s%2520database%2520up%2520and%2ctable%2520and%2520execute%2520SQL%2520from%2520your%2520Flask%2520app./RK=2/RS=wS3g1EzKPVtU5hEvnyYHTiDaGuo-",1
"Search Engines > Yahoo Search > r.search.yahoo.com/_ylt=AwrJD9BMmJxivQwAHAsDjgx.;_ylu=Y29sbwNpcjIEcG9zAzEEdnRpZAMEc2VjA3Ny/RV=2/RE=1654458572/RO=10/RU=https%3a%2f%2fpythonmarketer.com%2f2018%2f01%2f20%2fhow-to-python-pip-install-new-libraries%2f/RK=2/RS=1ehyazmg1203DL9dnOaHAKkk7mA-",1
"Search Engines > Yahoo Search > r.search.yahoo.com/_ylt=AwrPrjTJBHpjbZ8.JxO7HAx.;_ylu=Y29sbwNzZzMEcG9zAzEEdnRpZAMEc2VjA3Nj/RV=2/RE=1668969802/RO=10/RU=https%3a%2f%2fpythonmarketer.com%2f2020%2f05%2f18%2fhow-to-make-json-requests-with-python%2f%23%3a~%3atext%3dIn%2520python%25E2%2580%2599s%2520requests%2520library%252C%2520they%2520may%2520be%2520passed%2cURL%2520parameters%2520and%2520values%252C%2520AKA%2520the%2520request%2520body./RK=2/RS=eSd_QKKnpMxZNyFAUIoYpkwJwOo-",1
"Search Engines > Yahoo Search > r.search.yahoo.com/_ylt=AwrxhWjPLQpjMhMARAbnHgx.;_ylu=Y29sbwMEcG9zAzYEdnRpZAMEc2VjA3Ny/RV=2/RE=1661640271/RO=10/RU=https%3a%2f%2fpythonmarketer.com%2f2018%2f01%2f20%2fhow-to-python-pip-install-new-libraries%2f/RK=2/RS=8.eew0SObKHww3iWcnX8JGcsADA-",1
"Search Engines > Yahoo Search > r.search.yahoo.com/_ylt=AwrTLZKq2pBiQPcAJT5XNyoA;_ylu=Y29sbwNncTEEcG9zAzIEdnRpZANMT0NVSTAxOF8xBHNlYwNzcg--/RV=2/RE=1653689130/RO=10/RU=https%3a%2f%2fpythonmarketer.com%2f2021%2f06%2f10%2fhow-to-fix-your-python-certificates-on-windows%2f/RK=2/RS=Ji_tsbGPsILw2TPw14d1IMyWPyA-",1
"Search Engines > Yahoo Search > r.search.yahoo.com/_ylt=AwrCwPN9hLtiq2MAbgqnfAx.;_ylu=Y29sbwNiZjEEcG9zAzMEdnRpZAMEc2VjA3Ny/RV=2/RE=1656485117/RO=10/RU=https%3a%2f%2fpythonmarketer.com%2f2021%2f06%2f10%2fhow-to-fix-your-python-certificates-on-windows%2f/RK=2/RS=E1BhHTfU3KkzxzfLQGD4bmnKqEM-",1
"Search Engines > Yahoo Search > r.search.yahoo.com/_ylt=Awr9_cVP6rlirS8AsEpXNyoA;_ylu=Y29sbwNncTEEcG9zAzEEdnRpZANMT0NVSTAxOF8xBHNlYwNzYw--/RV=2/RE=1656380111/RO=10/RU=https%3a%2f%2fpythonmarketer.com%2f2018%2f01%2f20%2fhow-to-python-pip-install-new-libraries%2f%23%3a~%3atext%3dYou%2520should%2520follow%2520best%2520practice%2520and%2520create%2520a%2cbelow%252C%2520then%2520install%2520a%2520library%2520on%2520Ubuntu%2520Linux%253A/RK=2/RS=SbQHR0Z6Jt28kEcjBnG1iDTvoMI-",1
"Search Engines > Yahoo Search > r.search.yahoo.com/_ylt=Awr4_UPDCLhiLfAWT9xXNyoA;_ylu=Y29sbwNncTEEcG9zAzMEdnRpZAMEc2VjA3Ny/RV=2/RE=1656256835/RO=10/RU=https%3a%2f%2fpythonmarketer.com%2f2020%2f07%2f15%2fbenefits-of-go-and-threads-in-distributed-systems%2f/RK=2/RS=Spz5szUlvKHQGulw0T1n3H60ZfU-",1
"Search Engines > Yahoo Search > r.search.yahoo.com/_ylt=AwrNYs1cUc5i0voSid9XNyoA;_ylu=Y29sbwNiZjEEcG9zAzMEdnRpZAMyNDI4MlVTLUNfMQRzZWMDc3I-/RV=2/RE=1657717213/RO=10/RU=https%3a%2f%2fpythonmarketer.com%2f2018%2f01%2f20%2fhow-to-python-pip-install-new-libraries%2f/RK=2/RS=CLBDxUhWyZFw7OEddKoq4acvwW0-",1
"Search Engines > Yahoo Search > r.search.yahoo.com/_ylt=AwrxyxWklq1inEgAMD67HAx.;_ylu=Y29sbwNzZzMEcG9zAzMEdnRpZAMEc2VjA3Ny/RV=2/RE=1655572260/RO=10/RU=https%3a%2f%2fpythonmarketer.com%2f2018%2f01%2f20%2fhow-to-python-pip-install-new-libraries%2f/RK=2/RS=A5WfStQbkXAdvs.bHzdNxrlIkVI-",1
"Search Engines > Yahoo Search > r.search.yahoo.com/_ylt=AwrIdFw2kKli70MADIck24lQ;_ylu=Y29sbwNpcjIEcG9zAzEEdnRpZAMEc2VjA3Ny/RV=2/RE=1655308471/RO=10/RU=https%3a%2f%2fpythonmarketer.com%2f2020%2f07%2f15%2fbenefits-of-go-and-threads-in-distributed-systems%2f/RK=2/RS=e6ZMYDb4Inj3zYi0sI5gU7qiou8-",1
"Search Engines > Yahoo Search > r.search.yahoo.com/_ylt=Awrxwv78kZxi8j0AyEC7HAx.;_ylu=Y29sbwNzZzMEcG9zAzUEdnRpZAMEc2VjA3Ny/RV=2/RE=1654456957/RO=10/RU=https%3a%2f%2fpythonmarketer.com%2f2020%2f05%2f18%2fhow-to-make-json-requests-with-python%2f/RK=2/RS=6tcDn4JsCvl.LBabyEaY7fXxMI4-",1
"Search Engines > Yahoo Search > r.search.yahoo.com/_ylt=AwrEeOKNgrtigFoAmwOnfAx.;_ylu=Y29sbwNiZjEEcG9zAzYEdnRpZAMEc2VjA3Ny/RV=2/RE=1656484621/RO=10/RU=https%3a%2f%2fpythonmarketer.com%2f2021%2f06%2f10%2fhow-to-fix-your-python-certificates-on-windows%2f/RK=2/RS=kuNJfydsgz0pB3fo9WxRDTvIiGc-",1
"Search Engines > Yahoo Search > r.search.yahoo.com/_ylt=Awr9DtjKwpBiDZcA6ipXNyoA;_ylu=Y29sbwNncTEEcG9zAzMEdnRpZANMT0NVSTAxOF8xBHNlYwNzcg--/RV=2/RE=1653683018/RO=10/RU=https%3a%2f%2fpythonmarketer.com%2f2021%2f06%2f10%2fhow-to-fix-your-python-certificates-on-windows%2f/RK=2/RS=5LNwoSCoD_xJR1u6tAL2zx7IuNk-",1
"Search Engines > Yahoo Search > r.search.yahoo.com/_ylt=AwrJETfloL5iow8AkDQDjgx.;_ylu=Y29sbwNpcjIEcG9zAzIEdnRpZAMEc2VjA3Ny/RV=2/RE=1656688998/RO=10/RU=https%3a%2f%2fpythonmarketer.com%2f2020%2f05%2f18%2fhow-to-make-json-requests-with-python%2f/RK=2/RS=VAVWKqjt9gy4S7hfb9B_nuqfDys-",1
"Search Engines > Yahoo Search > r.search.yahoo.com/_ylt=AwrOsZgE7BZj2BEA76VXNyoA;_ylu=Y29sbwNncTEEcG9zAzEEdnRpZAMEc2VjA3Nj/RV=2/RE=1662475397/RO=10/RU=https%3a%2f%2fpythonmarketer.com%2f2018%2f01%2f20%2fhow-to-python-pip-install-new-libraries%2f%23%3a~%3atext%3dYou%2520should%2520see%2520some%2520activity%2520in%2520command%2520prompt%2cinstall%2520the%2520Requests%2520module%2520into%2520your%2520Python%2520libraries./RK=2/RS=.jhWOWOXZ7j5nhV13vD9KDB9lbI-",1
"Search Engines > Yahoo Search > r.search.yahoo.com/_ylt=AwrFQ4Y550Zj49AK0ndXNyoA;_ylu=Y29sbwNiZjEEcG9zAzEEdnRpZANMT0NVSTA1NENfMQRzZWMDc3I-/RV=2/RE=1665619898/RO=10/RU=https%3a%2f%2fpythonmarketer.com%2f2018%2f01%2f20%2fhow-to-python-pip-install-new-libraries%2f/RK=2/RS=9b0PjZPDZwRyDj2PRvBdcGrJBz0-",1
"Search Engines > Yahoo Search > r.search.yahoo.com/_ylt=Awr.QlTApz5jfzoLDndU04lQ;_ylu=Y29sbwNpcjIEcG9zAzMEdnRpZAMEc2VjA3Ny/RV=2/RE=1665079360/RO=10/RU=https%3a%2f%2fpythonmarketer.com%2f2021%2f06%2f10%2fhow-to-fix-your-python-certificates-on-windows%2f/RK=2/RS=adJSArCCrK_OobmlD1ySPsTxcTc-",1
"Search Engines > Yahoo Search > r.search.yahoo.com/_ylt=Awr1UUpSajhj8IQoOnC7HAx.;_ylu=Y29sbwNzZzMEcG9zAzEEdnRpZAMEc2VjA3Nj/RV=2/RE=1664670419/RO=10/RU=https%3a%2f%2fpythonmarketer.com%2f2020%2f05%2f18%2fhow-to-make-json-requests-with-python%2f/RK=2/RS=z_YqzNmFryICz8zxldd6.tGHX8c-",1
"Search Engines > Yahoo Search > r.search.yahoo.com/_ylt=AwrFaZMmkaNjf6UVGSV7egx.;_ylu=Y29sbwNiZjEEcG9zAzIEdnRpZAMEc2VjA3Ny/RV=2/RE=1671692710/RO=10/RU=https%3a%2f%2fpythonmarketer.com%2f2018%2f01%2f20%2fhow-to-python-pip-install-new-libraries%2f/RK=2/RS=zkxyWs5Xf.gBDohaLAB5.MYXSnk-",1
"Search Engines > Yahoo Search > r.search.yahoo.com/_ylt=Awr9GjFU0NJh0N4A6y5XNyoA;_ylu=Y29sbwNncTEEcG9zAzQEdnRpZANQSFhMTjI1Ml8xBHNlYwNzcg--/RV=2/RE=1641234645/RO=10/RU=https%3a%2f%2fpythonmarketer.com%2f2021%2f06%2f10%2fhow-to-fix-your-python-certificates-on-windows%2f/RK=2/RS=G7shjd5nagP0k4EEOCo_KwAH2Vg-",1
"Search Engines > Yahoo Search > r.search.yahoo.com/_ylt=AwrLFMdNoBFjIXQADwoDjgx.;_ylu=Y29sbwNpcjIEcG9zAzIEdnRpZAMEc2VjA3Ny/RV=2/RE=1662128333/RO=10/RU=https%3a%2f%2fpythonmarketer.com%2f2021%2f06%2f10%2fhow-to-fix-your-python-certificates-on-windows%2f/RK=2/RS=Rn22QvCVCoUsdDtMuuBUfSz5S4Q-",1
"Search Engines > Yahoo Search > r.search.yahoo.com/_ylt=Awr9IlnBtmdiWkwAfeZXNyoA;_ylu=Y29sbwNncTEEcG9zAzEEdnRpZANMT0NVSTAxOV8xBHNlYwNzcg--/RV=2/RE=1650992962/RO=10/RU=https%3a%2f%2fpythonmarketer.com%2f2018%2f01%2f20%2fhow-to-python-pip-install-new-libraries%2f/RK=2/RS=.Jdmq5c5sLN1LCoW8Os_WRHcXao-",1
"Search Engines > Yahoo Search > r.search.yahoo.com/_ylt=AwrUipzZHIhhjEEA_wVEDN04;_ylu=Y29sbwNncTEEcG9zAzgEdnRpZAMEc2VjA3Ny/RV=2/RE=1636339034/RO=10/RU=https%3a%2f%2fpythonmarketer.com%2f2020%2f10%2f11%2fgenerating-positive-thoughts-with-google-vision-ocr-and-markov-chains%2f/RK=2/RS=NkevbfiA.R.mEqcG_5jEyPJRwgg-",1
"Search Engines > Yahoo Search > r.search.yahoo.com/_ylt=Awr.nzB7NP5i0igIoKQk24lQ;_ylu=Y29sbwNpcjIEcG9zAzMEdnRpZAMEc2VjA3Ny/RV=2/RE=1660855547/RO=10/RU=https%3a%2f%2fpythonmarketer.com%2f2018%2f01%2f20%2fhow-to-python-pip-install-new-libraries%2f/RK=2/RS=SPo2rSa7aQxAYQkqhvUSW8T692o-",1
"Search Engines > Yahoo Search > r.search.yahoo.com/_ylt=AwrXiymFZWpfsCUAKgwPxQt.;_ylu=Y29sbwNncTEEcG9zAzEEdnRpZANDMDc4Ml8xBHNlYwNzcg--/RV=2/RE=1600837125/RO=10/RU=https%3a%2f%2fpythonmarketer.com%2f2020%2f09%2f20%2fgetting-the-lay-of-the-land-in-sqlite-and-connecting-to-a-db-with-pythons-sqlite3-library%2f/RK=2/RS=fypI.YTDuxTmjCQrdWuW5NtkkMg-",1
"Search Engines > Yahoo Search > r.search.yahoo.com/_ylt=Awr1SZMQDN5izb8uuZG7HAx.;_ylu=Y29sbwNzZzMEcG9zAzQEdnRpZAMEc2VjA3Ny/RV=2/RE=1658748049/RO=10/RU=https%3a%2f%2fpythonmarketer.com%2f2018%2f01%2f20%2fhow-to-python-pip-install-new-libraries%2f/RK=2/RS=8PVcHSQ80ZPgCTN8GZoW5_6hCJE-",1
"Search Engines > Yahoo Search > r.search.yahoo.com/_ylt=AwrLE4OJ1tJhQWQAxycM34lQ;_ylu=Y29sbwNpcjIEcG9zAzIEdnRpZAMEc2VjA3Ny/RV=2/RE=1641236234/RO=10/RU=https%3a%2f%2fpythonmarketer.com%2f2018%2f01%2f20%2fhow-to-python-pip-install-new-libraries%2f/RK=2/RS=A6EZiHHwy4xDvg97OA_Fr5nY_Zs-",1
"Search Engines > Yahoo Search > r.search.yahoo.com/_ylt=AwrE1xyS6sxhLUAA0AtXNyoA;_ylu=Y29sbwNiZjEEcG9zAzEEdnRpZANCQVNFTElORVQ0XzEEc2VjA3Ny/RV=2/RE=1640848147/RO=10/RU=https%3a%2f%2fpythonmarketer.com%2f2018%2f01%2f20%2fhow-to-python-pip-install-new-libraries%2f/RK=2/RS=hgR3pPmvm6Cf5kdZsgKRO.9kKTI-",1
"Search Engines > Yahoo Search > r.search.yahoo.com/_ylt=Awrxgq9RYmxf3T8AGQbnHgx.;_ylu=Y29sbwMEcG9zAzIEdnRpZAMEc2VjA3Ny/RV=2/RE=1600967378/RO=10/RU=https%3a%2f%2fpythonmarketer.com%2f2020%2f09%2f20%2fgetting-the-lay-of-the-land-in-sqlite-and-connecting-to-a-db-with-pythons-sqlite3-library%2f/RK=2/RS=_24TohK6SOWacWoD6RuqcEVT4oY-",1
"Search Engines > Yahoo Search > r.search.yahoo.com/_ylt=AwrDQrbAz95fnssAZxm_.wt.;_ylu=Y29sbwNiZjEEcG9zAzIEdnRpZAMEc2VjA3Ny/RV=2/RE=1608466496/RO=10/RU=https%3a%2f%2fpythonmarketer.com%2f2018%2f01%2f20%2fhow-to-python-pip-install-new-libraries%2f/RK=2/RS=glkqwjgrPt7Y6ZRTFQEmADUDHDk-",1
"Search Engines > Yahoo Search > r.search.yahoo.com/_ylt=Awrxgq9k2t1fpiEAsTL3RQx.;_ylu=Y29sbwMEcG9zAzMEdnRpZAMEc2VjA3Ny/RV=2/RE=1608403685/RO=10/RU=https%3a%2f%2fpythonmarketer.com%2f2018%2f08%2f25%2fgooey-gui-for-python-scripts%2f/RK=2/RS=a_FyeHPjgbgDgyiB7AizwOiGALw-",1
"Search Engines > Yahoo Search > r.search.yahoo.com/_ylt=Awr9Il5fAL5fR1cA0gNXNyoA;_ylu=Y29sbwNncTEEcG9zAzQEdnRpZAMEc2VjA3Ny/RV=2/RE=1606316255/RO=10/RU=https%3a%2f%2fpythonmarketer.com%2f2020%2f10%2f07%2fmaking-a-youtube-video-downloader-with-pythons-flask-and-pytube3-libraries%2f/RK=2/RS=lAZH.oEkq.H3ng_pORgHGM5i9b0-",1
"Search Engines > Yahoo Search > r.search.yahoo.com/_ylt=Awr9Du2iEqFf2lsAKKZXNyoA;_ylu=Y29sbwNncTEEcG9zAzIEdnRpZAMEc2VjA3Ny/RV=2/RE=1604420386/RO=10/RU=https%3a%2f%2fpythonmarketer.com%2f2018%2f01%2f20%2fhow-to-python-pip-install-new-libraries%2f/RK=2/RS=QeyhPqKLv0Fxwo6KsX_yr3uC.Z4-",1
"Search Engines > Yahoo Search > r.search.yahoo.com/_ylt=Awr9IluYX0Rgd.MATfBXNyoA;_ylu=Y29sbwNncTEEcG9zAzIEdnRpZAMEc2VjA3Ny/RV=2/RE=1615122456/RO=10/RU=https%3a%2f%2fpythonmarketer.com%2f2018%2f01%2f20%2fhow-to-python-pip-install-new-libraries%2f/RK=2/RS=3BP6hagtsaqxQs_FlqmUJ216mxg-",1
"Search Engines > Yahoo Search > r.search.yahoo.com/_ylt=AwrFBFAmd_ti7NUJ1ihXNyoA;_ylu=Y29sbwNiZjEEcG9zAzEEdnRpZAMEc2VjA3Nj/RV=2/RE=1660676007/RO=10/RU=https%3a%2f%2fpythonmarketer.com%2f2020%2f05%2f18%2fhow-to-make-json-requests-with-python%2f%23%3a~%3atext%3dPath%2520One%253A%2520Make%2520HTTP%2520request%2520with%2520json%2520%2526%2cAPI%2520requirements%2520from%2520documentation.%2520Use%2520requests%2520for%2520HTTP./RK=2/RS=A6geOFuZy8QjBPva3d.pB8mXpcQ-",1
"Search Engines > Yahoo Search > r.search.yahoo.com/_ylt=AwrEeCKkxfxepykALQwPxQt.;_ylu=X3oDMTByOHZyb21tBGNvbG8DYmYxBHBvcwMxBHZ0aWQDBHNlYwNzcg--/RV=2/RE=1593652773/RO=10/RU=https%3a%2f%2fpythonmarketer.wordpress.com%2f2018%2f01%2f20%2fhow-to-python-pip-install-new-libraries%2f/RK=2/RS=urRDPLQb6G9l0YQduxrhisly7vE-",1
"Search Engines > Yahoo Search > r.search.yahoo.com/_ylt=AwrgEa5tT8deFaUAEZkL5gt.;_ylu=X3oDMTByYnR1Zmd1BGNvbG8DZ3ExBHBvcwMyBHZ0aWQDBHNlYwNzcg--/RV=2/RE=1590149101/RO=10/RU=https%3a%2f%2fpythonmarketer.wordpress.com%2f2020%2f05%2f18%2fhow-to-make-json-requests-with-python%2f/RK=2/RS=8hdQ5gdJpKA1YGeGBu281ygcT8U-",1
"Search Engines > Yahoo Search > r.search.yahoo.com/_ylt=AwrJ61x3cJxe75wA84FXNyoA;_ylu=X3oDMTByNXQ0NThjBGNvbG8DYmYxBHBvcwM1BHZ0aWQDBHNlYwNzcg--/RV=2/RE=1587339512/RO=10/RU=https%3a%2f%2fpythonmarketer.wordpress.com%2f2018%2f01%2f20%2fhow-to-python-pip-install-new-libraries%2f/RK=2/RS=cy6eNeFopAhHTjiZ2F298rnhS08-",1
"Search Engines > Yahoo Search > r.search.yahoo.com/_ylt=AwrC3O.GxlpeVXEAPg8PxQt.;_ylu=X3oDMTByNXQ0NThjBGNvbG8DYmYxBHBvcwM1BHZ0aWQDBHNlYwNzcg--/RV=2/RE=1583036167/RO=10/RU=https%3a%2f%2fpythonmarketer.wordpress.com%2f2018%2f01%2f20%2fhow-to-python-pip-install-new-libraries%2f/RK=2/RS=EHDLAso3O8YYCpELndpCwEHBNy4-",1
"Search Engines > Yahoo Search > r.search.yahoo.com/_ylt=AwrwXx3B.nZgowQA9ijnHgx.;_ylu=Y29sbwMEcG9zAzEEdnRpZAMEc2VjA3Ny/RV=2/RE=1618438978/RO=10/RU=https%3a%2f%2fpythonmarketer.com%2f2018%2f01%2f20%2fhow-to-python-pip-install-new-libraries%2f/RK=2/RS=Jx74Of3L7uPUYorQQ9TLkKNi4uY-",1
"Search Engines > Yahoo Search > r.search.yahoo.com/_ylt=Awr9DtaTxGpgeh4A2RBXNyoA;_ylu=Y29sbwNncTEEcG9zAzIEdnRpZAMEc2VjA3Ny/RV=2/RE=1617638676/RO=10/RU=https%3a%2f%2fpythonmarketer.com%2f2018%2f01%2f20%2fhow-to-python-pip-install-new-libraries%2f/RK=2/RS=dd8v8ufpcJSAr7WqB00FGlFitCY-",1
"Search Engines > Yahoo Search > r.search.yahoo.com/_ylt=AwrEeCuBjxpghCwALAcPxQt.;_ylu=Y29sbwNiZjEEcG9zAzEEdnRpZAMEc2VjA3Ny/RV=2/RE=1612382210/RO=10/RU=https%3a%2f%2fpythonmarketer.com%2f2018%2f01%2f20%2fhow-to-python-pip-install-new-libraries%2f/RK=2/RS=GKhXt7DBN1oeu0ZhcZ3ekz8oIQs-",1
"Search Engines > Yahoo Search > r.search.yahoo.com/_ylt=AwrIS.ZUTE5ghi0ARwdfCwx.;_ylu=Y29sbwMEcG9zAzIEdnRpZAMEc2VjA3Ny/RV=2/RE=1615772885/RO=10/RU=https%3a%2f%2fpythonmarketer.com%2f2018%2f01%2f20%2fhow-to-python-pip-install-new-libraries%2f/RK=2/RS=HRNAahkEujCDTiec_D.gwgkjJXs-",1
"Search Engines > Yahoo Search > r.search.yahoo.com/_ylt=AwrIdVtZe8thiEUAIBIM34lQ;_ylu=Y29sbwNpcjIEcG9zAzEEdnRpZAMEc2VjA3Ny/RV=2/RE=1640754137/RO=10/RU=https%3a%2f%2fpythonmarketer.com%2f2019%2f04%2f12%2fdatasets-plotting-using-jupyter-pandas-and-matplotlib%2f/RK=2/RS=RnSuYMrpkfNEfRh6JFIpL4aLXPY-",1
"Search Engines > Yahoo Search > r.search.yahoo.com/_ylt=AwrKDqOJOupiveEE.RS7HAx.;_ylu=Y29sbwNzZzMEcG9zAzEEdnRpZAMEc2VjA3Ny/RV=2/RE=1659546377/RO=10/RU=https%3a%2f%2fpythonmarketer.com%2f2018%2f01%2f20%2fhow-to-python-pip-install-new-libraries%2f/RK=2/RS=ErsdYHntVLgGc.gKMKgPlf9DQFM-",1
"Search Engines > Yahoo Search > r.search.yahoo.com/_ylt=A0geK.nMb09gxjQAne1XNyoA;_ylu=Y29sbwNiZjEEcG9zAzEEdnRpZAMEc2VjA3Ny/RV=2/RE=1615847500/RO=10/RU=https%3a%2f%2fpythonmarketer.com%2f2018%2f01%2f20%2fhow-to-python-pip-install-new-libraries%2f/RK=2/RS=KF0n0I6IIdlKcP1RahEcbSKvr9Y-",1
"Search Engines > Yahoo Search > r.search.yahoo.com/_ylt=A0geKeOvn25hTA4AmmFXNyoA;_ylu=Y29sbwNiZjEEcG9zAzMEdnRpZANDMTYwOV8xBHNlYwNzcg--/RV=2/RE=1634668591/RO=10/RU=https%3a%2f%2fpythonmarketer.com%2f2018%2f01%2f20%2fhow-to-python-pip-install-new-libraries%2f/RK=2/RS=cnsp_ZahjxjjsRRtPe1Xv8YWnmM-",1
"Search Engines > Yahoo Search > r.search.yahoo.com/_ylt=AwrJS5U7vKhcpXAAJDBLBQx.;_ylu=X3oDMTBydWZibG83BGNvbG8DaXIyBHBvcwM4BHZ0aWQDBHNlYwNzcg--/RV=2/RE=1554590907/RO=10/RU=https%3a%2f%2fpythonmarketer.wordpress.com%2f2018%2f11%2f20%2fpackaging-python-as-a-windows-app%2f/RK=2/RS=hWo1SbJv1TgCvNiUV0pYn_Bj6y0-",1
"Search Engines > Yahoo Search > r.search.yahoo.com/_ylt=AwrC_Dez3FddgiwAbQ0PxQt.;_ylu=X3oDMTBybGY3bmpvBGNvbG8DYmYxBHBvcwMyBHZ0aWQDBHNlYwNzcg--/RV=2/RE=1566068019/RO=10/RU=https%3a%2f%2fpythonmarketer.wordpress.com%2f2018%2f01%2f20%2fhow-to-python-pip-install-new-libraries%2f/RK=2/RS=Ja7wRqQQ_RxsxE5A08Dc5ul5W_w-",1
"Search Engines > Yahoo Search > r.search.yahoo.com/_ylt=Awrx5ZbqtX9grkgALgbnHgx.;_ylu=Y29sbwMEcG9zAzEEdnRpZAMEc2VjA3Ny/RV=2/RE=1619011179/RO=10/RU=https%3a%2f%2fpythonmarketer.com%2f2018%2f01%2f20%2fhow-to-python-pip-install-new-libraries%2f/RK=2/RS=KrC6uRGGeS6eCyCUhfmeVhddZ0Q-",1
"Search Engines > Yahoo Search > r.search.yahoo.com/_ylt=AwrJzVbG.u1aLiUA0ScPxQt.;_ylu=X3oDMTBydWNmY2MwBGNvbG8DYmYxBHBvcwM0BHZ0aWQDBHNlYwNzcg--/RV=2/RE=1525574471/RO=10/RU=https%3a%2f%2fpythonmarketer.wordpress.com%2f2018%2f01%2f20%2fhow-to-python-pip-install-new-libraries%2f/RK=2/RS=3FutBtSAIGNpexnxxsszXFfQG0c-",1
"Search Engines > Yahoo Search > r.search.yahoo.com/_ylt=Awr9KRVkz6Bb8pYAK55XNyoA;_ylu=X3oDMTExY285bWltBGNvbG8DZ3ExBHBvcwM2BHZ0aWQDVUlDMV8xBHNlYwNzcg--/RV=2/RE=1537294309/RO=10/RU=https%3a%2f%2fpythonmarketer.wordpress.com%2f2018%2f01%2f20%2fhow-to-python-pip-install-new-libraries%2f/RK=2/RS=QGIpgM_7T8.2aM6dhsSfSYqZ2sU-",1
"Search Engines > Yahoo Search > uk.yhs4.search.yahoo.com",1
"Search Engines > Yahoo Search > r.search.yahoo.com/_ylt=A0PDsByy7aRaj_4AHwhXNyoA;_ylu=X3oDMTByNXM5bzY5BGNvbG8DYmYxBHBvcwMzBHZ0aWQDBHNlYwNzcg--/RV=2/RE=1520786994/RO=10/RU=https%3a%2f%2fpythonmarketer.wordpress.com%2f2018%2f01%2f20%2fhow-to-python-pip-install-new-libraries%2f/RK=2/RS=UR_q8QNFkM58kFMeErEYRe3S77M-",1
"Search Engines > Yahoo Search > r.search.yahoo.com/_ylt=AwrgBmV4X5ZafBYA1kxXNyoA;_ylu=X3oDMTEycTZoMWk0BGNvbG8DZ3ExBHBvcwMzBHZ0aWQDQjM5MTZfMQRzZWMDc3I-/RV=2/RE=1519833081/RO=10/RU=https%3a%2f%2fpythonmarketer.wordpress.com%2f2018%2f01%2f20%2fhow-to-python-pip-install-new-libraries%2f/RK=2/RS=uU6ebOmQnwpu_AIPuiwDLOFRuko-",1
"Search Engines > Yahoo Search > r.search.yahoo.com/_ylt=AwrE184W64xbD_UAIyVXNyoA;_ylu=X3oDMTBydWNmY2MwBGNvbG8DYmYxBHBvcwM0BHZ0aWQDBHNlYwNzcg--/RV=2/RE=1535990678/RO=10/RU=https%3a%2f%2fpythonmarketer.wordpress.com%2f2018%2f01%2f20%2fhow-to-python-pip-install-new-libraries%2f/RK=2/RS=pC2kosxzRn3L_VJs9IozOU0Av6A-",1
"Search Engines > Yahoo Search > r.search.yahoo.com/_ylt=AwrxgzPDZFJdnj0AVxvnHgx.;_ylu=X3oDMTByaW0wdmlxBGNvbG8Dc2czBHBvcwMyBHZ0aWQDBHNlYwNzcg--/RV=2/RE=1565709636/RO=10/RU=https%3a%2f%2fpythonmarketer.wordpress.com%2f2018%2f01%2f20%2fhow-to-python-pip-install-new-libraries%2f/RK=2/RS=GYcPY8t6pdfWO8CxLr5ud5G4QIE-",1
"Search Engines > Yahoo Search > r.search.yahoo.com/_ylt=Awr9Duv7DR1dwWQATyxXNyoA;_ylu=X3oDMTEyOTdkbHM4BGNvbG8DZ3ExBHBvcwM1BHZ0aWQDQjc2NzVfMQRzZWMDc3I-/RV=2/RE=1562214011/RO=10/RU=https%3a%2f%2fpythonmarketer.wordpress.com%2f2018%2f01%2f20%2fhow-to-python-pip-install-new-libraries%2f/RK=2/RS=tArFULDstoV7HFD.PvyFI4_aXpY-",1
"Search Engines > Yahoo Search > r.search.yahoo.com/_ylt=AwrP4o6wyyZgLhAAenhjAQx.;_ylu=Y29sbwNpcjIEcG9zAzUEdnRpZAMEc2VjA3Ny/RV=2/RE=1613184048/RO=10/RU=https%3a%2f%2fpythonmarketer.com%2f2019%2f12%2f26%2fcomparing-text-editors-on-ubuntu-atom-emacs-sublime-vim-vs-code%2f/RK=2/RS=Teu3dTx_zpmQW71rx7KVc_4B7Pw-",1
"Search Engines > Yahoo Search > r.search.yahoo.com/_ylt=AwrJ7KFl_ANdIjwAjFFXNyoA;_ylu=X3oDMTEyYWFuc2wwBGNvbG8DYmYxBHBvcwMzBHZ0aWQDQUJBQ0tfMQRzZWMDc3I-/RV=2/RE=1560571110/RO=10/RU=https%3a%2f%2fpythonmarketer.wordpress.com%2f2018%2f01%2f20%2fhow-to-python-pip-install-new-libraries%2f/RK=2/RS=fP.AnpZKmjF17jhTvptRYXk0RKM-",1
"Search Engines > Yahoo Search > r.search.yahoo.com/_ylt=Awr4zV89dedc2C4AhSZXNyoA;_ylu=X3oDMTEyZWQ2bjE5BGNvbG8DZ3ExBHBvcwMxBHZ0aWQDQjY4MjFfMQRzZWMDc3I-/RV=2/RE=1558701501/RO=10/RU=https%3a%2f%2fpythonmarketer.wordpress.com%2f2018%2f01%2f20%2fhow-to-python-pip-install-new-libraries%2f/RK=2/RS=_InmB7hGGBoDs2br3qFO4o3czVI-",1
"Search Engines > Yahoo Search > r.search.yahoo.com/_ylt=AwrEzNxr6Lhck0oAP6eWnIlQ;_ylu=X3oDMTBtdXBkbHJyBHNlYwNmcC1hdHRyaWIEc2xrA3J1cmw-/RV=2/RE=1555650795/RO=11/RU=https%3a%2f%2fpythonmarketer.wordpress.com%2f2019%2f04%2f12%2fdatasets-plotting-using-jupyter-pandas-and-matplotlib%2f/RK=2/RS=WCrKc0Qcfs.kP3sprQtcm6TyObA-",1
"Search Engines > Yahoo Search > r.search.yahoo.com/_ylt=AwrJQ5yoTCpgvk4ANQAzCQx.;_ylu=Y29sbwNpcjIEcG9zAzEEdnRpZAMEc2VjA3Ny/RV=2/RE=1613413673/RO=10/RU=https%3a%2f%2fpythonmarketer.com%2f2018%2f01%2f20%2fhow-to-python-pip-install-new-libraries%2f/RK=2/RS=cuSYbSQYH7Tj5oqD4D6eCDymCYY-",1
"Search Engines > Yahoo Search > r.search.yahoo.com/_ylt=AwrIAX6DtTxcmDQA6kJHDwx.;_ylu=X3oDMTByMnE1MzMwBGNvbG8DaXIyBHBvcwMzBHZ0aWQDBHNlYwNzcg--/RV=2/RE=1547511300/RO=10/RU=https%3a%2f%2fpythonmarketer.wordpress.com%2f2018%2f01%2f20%2fhow-to-python-pip-install-new-libraries%2f/RK=2/RS=g146cscxbrg7CgGiTkG8AHcpjAU-",1
"Search Engines > Yahoo Search > in.yhs4.search.yahoo.com",1
"Search Engines > Yahoo Search > r.search.yahoo.com/_ylt=AwrgCqRCmitcajAAIXxXNyoA;_ylu=X3oDMTByNDZ0aWFxBGNvbG8DZ3ExBHBvcwM2BHZ0aWQDBHNlYwNzcg--/RV=2/RE=1546390210/RO=10/RU=https%3a%2f%2fpythonmarketer.wordpress.com%2f2018%2f01%2f20%2fhow-to-python-pip-install-new-libraries%2f/RK=2/RS=FcV7f7fw11t7YdDCxkwdwHvuo64-",1
"Search Engines > Yahoo Search > r.search.yahoo.com/_ylt=Awrxg3yIpX9g7U4AgA_3RQx.;_ylu=Y29sbwMEcG9zAzEEdnRpZAMEc2VjA3Ny/RV=2/RE=1619006984/RO=10/RU=https%3a%2f%2fpythonmarketer.com%2f2018%2f01%2f20%2fhow-to-python-pip-install-new-libraries%2f/RK=2/RS=84.Vuz3T65s.3sQa3Y4qRf1b2K4-",1
"Search Engines > Yahoo Search > r.search.yahoo.com/_ylt=Awrx5ZbqtX9grkgAJQbnHgx.;_ylu=Y29sbwMEcG9zAzEEdnRpZAMEc2VjA3Nj/RV=2/RE=1619011179/RO=10/RU=https%3a%2f%2fpythonmarketer.com%2f2018%2f01%2f20%2fhow-to-python-pip-install-new-libraries%2f%23%3a~%3atext%3dHow%2520to%2520Enable%2520the%2520pip%2520Installer.%25201%2520Download%2cPlotting%2520Datasets%2520Using%2520Jupyter%252C%2520Pandas%2520and%2520...%2520/RK=2/RS=VLmjP4hDcmQz8D55LnIbZSFENL4-",1
"Search Engines > Yahoo Search > r.search.yahoo.com/_ylt=Awr9J._pYGVhN.kASxYL5gt.;_ylu=Y29sbwNncTEEcG9zAzkEdnRpZAMEc2VjA3Ny/RV=2/RE=1634062697/RO=10/RU=https%3a%2f%2fpythonmarketer.com%2f2018%2f01%2f20%2fhow-to-python-pip-install-new-libraries%2f/RK=2/RS=kIjjkTtllerlpIRbOpitdSB37Pg-",1
"Search Engines > Yahoo Search > r.search.yahoo.com/_ylt=AwrCmuOktCVhkkEA9AIf7At.;_ylu=Y29sbwNiZjEEcG9zAzIEdnRpZAMEc2VjA3Ny/RV=2/RE=1629889829/RO=10/RU=https%3a%2f%2fpythonmarketer.com%2f2018%2f01%2f20%2fhow-to-python-pip-install-new-libraries%2f/RK=2/RS=X2yBxmDS8gBpnxjowoTvUCo9ehk-",1
"Search Engines > Yahoo Search > r.search.yahoo.com/_ylt=AwrIQhFWlUdhbywAQRd3Bwx.;_ylu=Y29sbwMEcG9zAzUEdnRpZAMEc2VjA3Ny/RV=2/RE=1632110038/RO=10/RU=https%3a%2f%2fpythonmarketer.com%2f2018%2f01%2f20%2fhow-to-python-pip-install-new-libraries%2f/RK=2/RS=CP8BLza.kus..pSVypf_GVpcV_c-",1
"Search Engines > Yahoo Search > r.search.yahoo.com/_ylt=A0geKJCxCLlhGZ8AyU1x.9w4;_ylu=Y29sbwNiZjEEcG9zAzMEdnRpZANDb2NvMzAwXzEEc2VjA3Ny/RV=2/RE=1639545138/RO=10/RU=https%3a%2f%2fpythonmarketer.com%2f2020%2f05%2f18%2fhow-to-make-json-requests-with-python%2f/RK=2/RS=Z9WeGn.l.gBJCZ.pUugY1j0C140-",1
"Search Engines > Yahoo Search > r.search.yahoo.com/_ylt=AwrJ7JJ7.4NhkncAhTbz6Qt.;_ylu=Y29sbwNiZjEEcG9zAzYEdnRpZAMEc2VjA3Ny/RV=2/RE=1636068348/RO=10/RU=https%3a%2f%2fpythonmarketer.com%2f2020%2f05%2f18%2fhow-to-make-json-requests-with-python%2f/RK=2/RS=UKJRORX.QTZM1dMKgx8Y0AvQcsc-",1
"Search Engines > Yahoo Search > r.search.yahoo.com/_ylt=Awr9Dt6zpnFhPXUAzZlXNyoA;_ylu=Y29sbwNncTEEcG9zAzYEdnRpZAMEc2VjA3Ny/RV=2/RE=1634866996/RO=10/RU=https%3a%2f%2fpythonmarketer.com%2f2019%2f11%2f30%2finserting-new-records-into-a-microsoft-access-database-with-python%2f/RK=2/RS=1n9zVAou1pG7gLgQAQ2ruzJv9QY-",1
"Search Engines > Yahoo Search > r.search.yahoo.com/_ylt=AwrUi2g1Imdh12cAQRNjmolQ;_ylu=Y29sbwNncTEEcG9zAzQEdnRpZAMEc2VjA3Ny/RV=2/RE=1634177718/RO=10/RU=https%3a%2f%2fpythonmarketer.com%2f2018%2f01%2f20%2fhow-to-python-pip-install-new-libraries%2f/RK=2/RS=G0QdRkr6CfuScYGjgxEH3EWjwS4-",1
"Search Engines > Yahoo Search > r.search.yahoo.com/_ylt=AwrxgqohZothHx4Ahxn3RQx.;_ylu=Y29sbwMEcG9zAzMEdnRpZAMEc2VjA3Ny/RV=2/RE=1636554402/RO=10/RU=https%3a%2f%2fpythonmarketer.com%2f2018%2f01%2f20%2fhow-to-python-pip-install-new-libraries%2f/RK=2/RS=v.QTxijdjPAxRDNWATP_T46VNik-",1
"Search Engines > Yahoo Search > r.search.yahoo.com/_ylt=AwrE1x3JYsZhM.UARzXz6Qt.;_ylu=Y29sbwNiZjEEcG9zAzIEdnRpZAMEc2VjA3Ny/RV=2/RE=1640420169/RO=10/RU=https%3a%2f%2fpythonmarketer.com%2f2018%2f01%2f20%2fhow-to-python-pip-install-new-libraries%2f/RK=2/RS=Ao43tQD_pzEPKN0t2025DdTkGr4-",1
"Search Engines > Yahoo Search > r.search.yahoo.com/_ylt=A0geKaAIacNhUsgA5R1XNyoA;_ylu=Y29sbwNiZjEEcG9zAzEEdnRpZAMEc2VjA3Nj/RV=2/RE=1640225161/RO=10/RU=https%3a%2f%2fpythonmarketer.com%2f2020%2f05%2f18%2fhow-to-make-json-requests-with-python%2f%23%3a~%3atext%3dPath%2520One%253A%2520Make%2520HTTP%2520request%2520with%2520json%2520%2526%2cAPI%2520requirements%2520from%2520documentation.%2520Use%2520requests%2520for%2520HTTP./RK=2/RS=Zjn40L0q_lpj5Q87rIrw33Wmg9Y-",1
"Search Engines > Yahoo Search > r.search.yahoo.com/_ylt=AwrE187YsMFhh.cAPWRXNyoA;_ylu=Y29sbwNiZjEEcG9zAzMEdnRpZANQSFhMTjI1NF8xBHNlYwNzcg--/RV=2/RE=1640112472/RO=10/RU=https%3a%2f%2fpythonmarketer.com%2f2018%2f01%2f20%2fhow-to-python-pip-install-new-libraries%2f/RK=2/RS=qebERD.Y1049nJdeu1Ue1PcDK5Q-",1
"Search Engines > Yahoo Search > r.search.yahoo.com/_ylt=AwrxzgEHT8BhXiwAoAa7HAx.;_ylu=Y29sbwNzZzMEcG9zAzEEdnRpZAMEc2VjA3Nj/RV=2/RE=1640021896/RO=10/RU=https%3a%2f%2fpythonmarketer.com%2f2020%2f05%2f18%2fhow-to-make-json-requests-with-python%2f/RK=2/RS=aB55QqCr.ejZoldktMUoc_yFpz8-",1
"Search Engines > Yahoo Search > r.search.yahoo.com/_ylt=AwrxycxEU8BhuUQAUxi7HAx.;_ylu=Y29sbwNzZzMEcG9zAzMEdnRpZAMEc2VjA3Ny/RV=2/RE=1640022981/RO=10/RU=https%3a%2f%2fpythonmarketer.com%2f2020%2f05%2f18%2fhow-to-make-json-requests-with-python%2f/RK=2/RS=DblUk6nh8D6sxpdyX491yKa65xA-",1
"Search Engines > Yahoo Search > r.search.yahoo.com/_ylt=AwrE19t9lLRgL60AUV1XNyoA;_ylu=Y29sbwNiZjEEcG9zAzcEdnRpZANDMTg2M18xBHNlYwNzcg--/RV=2/RE=1622476029/RO=10/RU=https%3a%2f%2fpythonmarketer.com%2f2020%2f05%2f25%2fessential-mysql-terminal-commands-and-connecting-to-mysql-with-flask-pandas-and-pythonanywhere%2f/RK=2/RS=vem6L4ymvCfboBun8tUQrgy960w-",1
"Search Engines > Yahoo Search > at.search.yahoo.com",1
"Search Engines > Yahoo Search > r.search.yahoo.com/_ylt=AwrIQhxMgbdhPcEAKBF3Bwx.;_ylu=Y29sbwMEcG9zAzEEdnRpZAMEc2VjA3Ny/RV=2/RE=1639444941/RO=10/RU=https%3a%2f%2fpythonmarketer.com%2f2018%2f01%2f20%2fhow-to-python-pip-install-new-libraries%2f/RK=2/RS=PpJAhIjt0UjJOnNZYJ6h2zEJptc-",1
"Search Engines > Yahoo Search > no.search.yahoo.com",1
"Search Engines > Yahoo Search > r.search.yahoo.com/_ylt=Awr9GjCBKpNh5q8AhS9XNyoA;_ylu=Y29sbwNncTEEcG9zAzEEdnRpZANBMDYzNF8xBHNlYwNzYw--/RV=2/RE=1637063425/RO=10/RU=https%3a%2f%2fpythonmarketer.com%2f2020%2f05%2f18%2fhow-to-make-json-requests-with-python%2f%23%3a~%3atext%3dBody%2520or%2520%25E2%2580%259Cpayload%25E2%2580%259D%2520To%2520make%2520a%2520request%252C%2520you%2cPython%252C%2520it%2520might%2520accept%2520an%2520actual%2520Python%2520dictionary./RK=2/RS=kifaFISl_Q24gUzZO6bm9Y5r2hg-",1
"Search Engines > Yahoo Search > se.search.yahoo.com",1
"Search Engines > Yahoo Search > r.search.yahoo.com/_ylt=AwrtFmBKr6hhuG4AVllxOSY5;_ylu=Y29sbwN0dzEEcG9zAzMEdnRpZAMEc2VjA3Ny/RV=2/RE=1638473675/RO=10/RU=https%3a%2f%2fpythonmarketer.com%2f2020%2f05%2f18%2fhow-to-make-json-requests-with-python%2f/RK=2/RS=2lWZJx1A.mYFLKNm2KWHuvIrSJg-",1
"Search Engines > Yahoo Search > r.search.yahoo.com/_ylt=AwrJ7J0hD6VhxgwAGFtXNyoA;_ylu=Y29sbwNiZjEEcG9zAzUEdnRpZANDMTYwOV8xBHNlYwNzcg--/RV=2/RE=1638236065/RO=10/RU=https%3a%2f%2fpythonmarketer.com%2f2019%2f04%2f12%2fdatasets-plotting-using-jupyter-pandas-and-matplotlib%2f/RK=2/RS=Y35qgWxFMvrgCdBlCgg2M74W5lI-",1
"Search Engines > Yahoo Search > r.search.yahoo.com/_ylt=AwrJ6yypHaBhF_MA1YxXNyoA;_ylu=Y29sbwNiZjEEcG9zAzMEdnRpZAMEc2VjA3Ny/RV=2/RE=1637912105/RO=10/RU=https%3a%2f%2fpythonmarketer.com%2f2018%2f01%2f20%2fhow-to-python-pip-install-new-libraries%2f/RK=2/RS=qbFC1_CKkT5EEmNJfXiXJ50BFVw-",1
"Search Engines > Yahoo Search > r.search.yahoo.com/_ylt=AwrxyxUQLp9hzC0A1wC7HAx.;_ylu=Y29sbwNzZzMEcG9zAzEEdnRpZAMEc2VjA3Ny/RV=2/RE=1637850768/RO=10/RU=https%3a%2f%2fpythonmarketer.com%2f2018%2f01%2f20%2fhow-to-python-pip-install-new-libraries%2f/RK=2/RS=lg0Q1e5GCL4XHbEylNRXSgBFlZE-",1
"Search Engines > Yahoo Search > r.search.yahoo.com/_ylt=A0geKLxxyZxh1kIAH.dXNyoA;_ylu=Y29sbwNiZjEEcG9zAzEEdnRpZANCQVNFTElORUNfMQRzZWMDc2M-/RV=2/RE=1637693938/RO=10/RU=https%3a%2f%2fpythonmarketer.com%2f2018%2f04%2f10%2fcreating-isolated-python-environments-with-virtualenv%2f%23%3a~%3atext%3dCreating%2520Isolated%2520Python%2520Environments%2520with%2520Virtualenv%25201%2520Know%2cthe%2520right%2520library.%2520Virtualenv%2520is%2520used%2520commonly.%2520/RK=2/RS=Bi8wCaGJ1A3L_KOMlZo7cS_g748-",1
"Search Engines > Yahoo Search > r.search.yahoo.com/_ylt=AwrEzetie7ph7NcAbFdXNyoA;_ylu=Y29sbwNiZjEEcG9zAzMEdnRpZANBRzIxNF8xBHNlYwNzcg--/RV=2/RE=1639640035/RO=10/RU=https%3a%2f%2fpythonmarketer.com%2f2018%2f01%2f20%2fhow-to-python-pip-install-new-libraries%2f/RK=2/RS=MgoI5A3GR.9fbvgwSXVQMzBiwd0-",1
"Search Engines > Yahoo Search > r.search.yahoo.com/_ylt=AwrJS9exYMtgdX0A.0oM34lQ;_ylu=Y29sbwNpcjIEcG9zAzEEdnRpZAMEc2VjA3Ny/RV=2/RE=1623970097/RO=10/RU=https%3a%2f%2fpythonmarketer.com%2f2018%2f01%2f20%2fhow-to-python-pip-install-new-libraries%2f/RK=2/RS=BI1L9LLP890o3ux5Dw_4HQauGjc-",1
"Search Engines > Yahoo Search > r.search.yahoo.com/_ylt=AwrPhmuySrtgZnEAKAG7HAx.;_ylu=Y29sbwNzZzMEcG9zAzQEdnRpZAMEc2VjA3Ny/RV=2/RE=1622915891/RO=10/RU=https%3a%2f%2fpythonmarketer.com%2f2018%2f01%2f20%2fhow-to-python-pip-install-new-libraries%2f/RK=2/RS=puzrtVclm0zHba6BM2iZIlYgzvI-",1
"Search Engines > Yahoo Search > search.yahoo.com",1
"Search Engines > Yahoo Search > r.search.yahoo.com/_ylt=A2KLfRoiMrJgE1gAXxjz6Qt.;_ylu=Y29sbwNiZjEEcG9zAzEEdnRpZAMEc2VjA3Ny/RV=2/RE=1622319779/RO=10/RU=https%3a%2f%2fpythonmarketer.com%2f2020%2f05%2f18%2fhow-to-make-json-requests-with-python%2f/RK=2/RS=wpyffNtBiiih5CF8npl_RT8WAWA-",1
"Search Engines > Yahoo Search > r.search.yahoo.com/_ylt=A2KLfSdyydZgBoAAQXVXNyoA;_ylu=Y29sbwNiZjEEcG9zAzkEdnRpZAMEc2VjA3Ny/RV=2/RE=1624717810/RO=10/RU=https%3a%2f%2fpythonmarketer.com%2f2019%2f12%2f21%2fcopying-a-csv-file-to-google-sheets-with-pygsheets%2f/RK=2/RS=dqvlqKVthgR6KbBQQ5ZeltDpnZk-",1
"Search Engines > Yahoo Search > r.search.yahoo.com/_ylt=AwrwBpX7yaxgiroAbAPnHgx.;_ylu=Y29sbwMEcG9zAzEEdnRpZAMEc2VjA3Ny/RV=2/RE=1621965435/RO=10/RU=https%3a%2f%2fpythonmarketer.com%2f2018%2f11%2f20%2fpackaging-python-as-a-windows-app%2f/RK=2/RS=LCz4xjHie7iqEYPOLps6ojU0PtM-",1
"Search Engines > Yahoo Search > r.search.yahoo.com/_ylt=AwrDQraq855gukUASQMXFwx.;_ylu=Y29sbwNiZjEEcG9zAzIEdnRpZAMEc2VjA3Ny/RV=2/RE=1621058602/RO=10/RU=https%3a%2f%2fpythonmarketer.com%2f2018%2f01%2f20%2fhow-to-python-pip-install-new-libraries%2f/RK=2/RS=DB1zTmomaHwN5ZHkLYcV_EA6uhs-",1
"Search Engines > Yahoo Search > r.search.yahoo.com/_ylt=Awr9ImbWwZhg_hcA0slXNyoA;_ylu=Y29sbwNncTEEcG9zAzIEdnRpZAMEc2VjA3Ny/RV=2/RE=1620652631/RO=10/RU=https%3a%2f%2fpythonmarketer.com%2f2020%2f05%2f18%2fhow-to-make-json-requests-with-python%2f/RK=2/RS=vlypKP3C.YdqHp7GLPMJDYL.OT4-",1
"Search Engines > Yahoo Search > r.search.yahoo.com/_ylt=Awr9ImBNOYxg76QAiG1XNyoA;_ylu=Y29sbwNncTEEcG9zAzEEdnRpZAMEc2VjA3Ny/RV=2/RE=1619831246/RO=10/RU=https%3a%2f%2fpythonmarketer.com%2f2018%2f01%2f20%2fhow-to-python-pip-install-new-libraries%2f/RK=2/RS=AToBpASdrkH7Q0OX8t6PzNs3S1c-",1
"Search Engines > Yahoo Search > r.search.yahoo.com/_ylt=AwrPg09fLopgP3IAeTK7HAx.;_ylu=Y29sbwNzZzMEcG9zAzEEdnRpZAMEc2VjA3Ny/RV=2/RE=1619697376/RO=10/RU=https%3a%2f%2fpythonmarketer.com%2f2018%2f01%2f20%2fhow-to-python-pip-install-new-libraries%2f/RK=2/RS=ZOdOnLXLOiEeNsPejmgcCb4GkaI-",1
"Search Engines > Yahoo Search > dk.search.yahoo.com",1
"Search Engines > Yahoo Search > r.search.yahoo.com/_ylt=AwrWmjaBHiphqGEAEgM36At.;_ylu=Y29sbwNncTEEcG9zAzEEdnRpZAMEc2VjA3Nj/RV=2/RE=1630179074/RO=10/RU=https%3a%2f%2fpythonmarketer.com%2f2018%2f01%2f20%2fhow-to-python-pip-install-new-libraries%2f/RK=2/RS=vs0sq7ztLnzuHdrZX0q9tDnlGP4-",1
"Search Engines > Yahoo Search > r.search.yahoo.com/_ylt=A2KLfSSh9spgPY4ASY5XNyoA;_ylu=Y29sbwNiZjEEcG9zAzEEdnRpZAMEc2VjA3Nj/RV=2/RE=1623942945/RO=10/RU=https%3a%2f%2fpythonmarketer.com%2f2020%2f10%2f07%2fmaking-a-youtube-video-downloader-with-pythons-flask-and-pytube3-libraries%2f%23%3a~%3atext%3dHere%25E2%2580%2599s%2520how%2520to%2520make%2520a%2520primitive%2520YouTube%2520video%2cin%2520pythonanywhere%2529%2520python%2520-m%2520pip%2520install%2520flask.%25201./RK=2/RS=jU8nWqB1PxtcG6JP5goDuCtqTFw-",1
"Search Engines > Yahoo Search > r.search.yahoo.com/_ylt=Awr9DtrXAspgTMYAGZK7HAx.;_ylu=Y29sbwNncTEEcG9zAzEEdnRpZANDMjAwMl8xBHNlYwNzcg--/RV=2/RE=1623880536/RO=10/RU=https%3a%2f%2fpythonmarketer.com%2f2018%2f01%2f20%2fhow-to-python-pip-install-new-libraries%2f/RK=2/RS=3i6xBir5l7_nMefBuLbsx.k66E0-",1
"Search Engines > Yahoo Search > r.search.yahoo.com/_ylt=Awrx5ZZjFd9g9_gAIyX3RQx.;_ylu=Y29sbwMEcG9zAzMEdnRpZAMEc2VjA3Ny/RV=2/RE=1625261540/RO=10/RU=https%3a%2f%2fpythonmarketer.com%2f2018%2f01%2f20%2fhow-to-python-pip-install-new-libraries%2f/RK=2/RS=HwwVo_k51V65t_CWl4Xf1VLK_6k-",1
"Search Engines > Yahoo Search > r.search.yahoo.com/_ylt=AwrgEazEdgxhYjsA8DTzZgx.;_ylu=Y29sbwNncTEEcG9zAzIEdnRpZAMEc2VjA3Ny/RV=2/RE=1628235589/RO=10/RU=https%3a%2f%2fpythonmarketer.com%2f2018%2f01%2f20%2fhow-to-python-pip-install-new-libraries%2f/RK=2/RS=auEkpFOweANlcDWZZtiyrk.stdg-",1
"Search Engines > Yahoo Search > r.search.yahoo.com/_ylt=AwrPhmmbr_pgkyYAcwW7HAx.;_ylu=Y29sbwNzZzMEcG9zAzUEdnRpZAMEc2VjA3Ny/RV=2/RE=1627070492/RO=10/RU=https%3a%2f%2fpythonmarketer.com%2f2018%2f01%2f20%2fhow-to-python-pip-install-new-libraries%2f/RK=2/RS=RkDbXLB_vWPnma9vrI45VuV64Z0-",1
"Search Engines > Yahoo Search > r.search.yahoo.com/_ylt=AwrJ7FeTBO9gCO0AbuhXNyoA;_ylu=Y29sbwNiZjEEcG9zAzEEdnRpZAMEc2VjA3Nj/RV=2/RE=1626305812/RO=10/RU=https%3a%2f%2fpythonmarketer.com%2f2018%2f04%2f10%2fcreating-isolated-python-environments-with-virtualenv%2f%23%3a~%3atext%3dCreating%2520Isolated%2520Python%2520Environments%2520with%2520Virtualenv%25201%2520Know%2cthe%2520right%2520library.%2520Virtualenv%2520is%2520used%2520commonly.%2520/RK=2/RS=MceCYHtMdsLfkv09nF1SgOmzd9E-",1
"Search Engines > Yahoo Search > r.search.yahoo.com/_ylt=AwrgDumcpe5gWVkAqri7HAx.;_ylu=Y29sbwNncTEEcG9zAzEEdnRpZANDMTYxMV8xBHNlYwNzcg--/RV=2/RE=1626281500/RO=10/RU=https%3a%2f%2fpythonmarketer.com%2f2018%2f01%2f20%2fhow-to-python-pip-install-new-libraries%2f/RK=2/RS=lmXhc9U_VIjL2ArQIqz67YkXx3k-",1
"Search Engines > Yahoo Search > r.search.yahoo.com/_ylt=A0geKeZ_e.xgefUAWDRXNyoA;_ylu=Y29sbwNiZjEEcG9zAzEEdnRpZAMEc2VjA3Nj/RV=2/RE=1626139648/RO=10/RU=https%3a%2f%2fpythonmarketer.com%2f2020%2f05%2f18%2fhow-to-make-json-requests-with-python%2f%23%3a~%3atext%3dTo%2520make%2520a%2520request%252C%2520you%2520send%2520a%2520payload%2cdata%2520into%2520and%2520receive%2520data%2520from%2520an%2520API./RK=2/RS=nkQtKd6dY8IIduacuwq9iBGX__I-",1
"Search Engines > Yahoo Search > r.search.yahoo.com/_ylt=AwrCmrDF9.dgsl8AAzEvEwx.;_ylu=Y29sbwNiZjEEcG9zAzMEdnRpZAMEc2VjA3Ny/RV=2/RE=1625843782/RO=10/RU=https%3a%2f%2fpythonmarketer.com%2f2019%2f04%2f12%2fdatasets-plotting-using-jupyter-pandas-and-matplotlib%2f/RK=2/RS=zbfKjWQHgbJcojBjHeCZG80yJ90-",1
"Search Engines > Yahoo Search > r.search.yahoo.com/_ylt=AwrC_DMlH.Ng41MAEgAXFwx.;_ylu=Y29sbwNiZjEEcG9zAzIEdnRpZAMEc2VjA3Ny/RV=2/RE=1625526181/RO=10/RU=https%3a%2f%2fpythonmarketer.com%2f2020%2f05%2f18%2fhow-to-make-json-requests-with-python%2f/RK=2/RS=N16JQU.lSWjS.pQ9eZcrm9TR2Yg-",1
"Search Engines > Yahoo Search > th.search.yahoo.com",1
"Search Engines > Yahoo Search > r.search.yahoo.com/_ylt=Awrx_1KouVtk0UMMSii7HAx.;_ylu=Y29sbwNzZzMEcG9zAzEwBHZ0aWQDBHNlYwNzcg--/RV=2/RE=1683761704/RO=10/RU=https%3a%2f%2fpythonmarketer.com%2f2021%2f06%2f10%2fhow-to-fix-your-python-certificates-on-windows%2f/RK=2/RS=oPMudXaHwfSnnxisU4k0G1lL5Xg-",1
"Search Engines > Yandex",264
"Search Engines > Yandex > yandex.ru",187
"Search Engines > Yandex > yandex.ru",43
"Search Engines > Yandex > yandex.kz",7
"Search Engines > Yandex > yandex.com.tr",7
"Search Engines > Yandex > yandex.ru",6
"Search Engines > Yandex > yandex.kz",3
"Search Engines > Yandex > yandex.by",3
"Search Engines > Yandex > yandex.by",2
"Search Engines > Yandex > yandex.com",2
"Search Engines > Yandex > yandex.ru",1
"Search Engines > Yandex > yandex.uz",1
"Search Engines > Yandex > yandex.by",1
"Search Engines > Yandex > yandex.com.tr",1
"Search Engines > Baidu",226
"Search Engines > dogpile.com",1
"ecosia.org",906,[object Object]
"Instagram",506
"Instagram > l.instagram.com",495
"Instagram > l.instagram.com/?u=http%3A%2F%2Fpythonmarketer.wordpress.com%2F&e=AT1COoRgD_6OE3agSb0_RgwuVh-vzdlu5ZIwfIXGt6Rn9wpDG-FJ9gUhf_uh0GNRsbrWQr5acyMhTSNCS69whSnnrjrmDkmgvDQPXMwpn5tvZoExL08yQ763urZFqBP7dw0OnCf-z8Q",1
"Instagram > l.instagram.com/?u=https%3A%2F%2Fpythonmarketer.wordpress.com%2F&e=ATOZAOuG0YeFwvoqgd3V52r7c7LQZLXvr6i93MJduKxNzG1tJHw2MYRnykSDvOv4YgKnOUN3B8ebH4NAa6RlngTir8SFqWcj",1
"Instagram > l.instagram.com/?u=https%3A%2F%2Fpythonmarketer.wordpress.com%2F&e=ATP-hlK5CveqZ0bovxamJ6Lm4_aXU1GcBKkZ00caXMWsVu4lE7N9ceFdgtNSxyyLuiQhaevETs3LXH6mSczvAE9N81hDmcZx",1
"Instagram > l.instagram.com/?u=https%3A%2F%2Fpythonmarketer.wordpress.com%2F&e=ATNsSHviSBZPVObcRFA_Inlrs7UHhm3kTjztL6RssFRR5v83rfGTHLLxIN6ejjYcyyK8V4rr-mwFG2X7BOHGSWbGoKXSE78",1
"Instagram > l.instagram.com/?u=https%3A%2F%2Fpythonmarketer.wordpress.com%2F&e=ATPx8dpe9yLrBzvDNx9zqFJr-DQc4jWGGqeKUVQy_AUeJSe1faIZv7AeL0j9NX8Ym1eXGXiT4eDKqGST2QMJaNE3hCOzuEM",1
"Instagram > l.instagram.com/?u=https%3A%2F%2Fpythonmarketer.wordpress.com%2F&e=ATM-4apFqnvQwGA5jhc69IRa8P-ynUMimQLEUUXimOJZLXOQdcyTW5n3xmVfrj6zllLFFPfsBR05bx6R",1
"Instagram > l.instagram.com/?u=https%3A%2F%2Fpythonmarketer.wordpress.com%2F&e=ATPfIM0K2OO0fRBULTmZeNUwrxxLYkdFFMxFqoo1Nvqq8A-v5uaoLb4Yr-adhtjr3jguM2s5cQ4XUr-V",1
"Instagram > l.instagram.com/?u=https%3A%2F%2Fpythonmarketer.wordpress.com%2F&e=ATMBBElzm9uiGD3HYs2caj37qtv70OCAj0c2h11Dnj99QsXzJn-HQXScj7amvGs9MHbVm5xEQvu7xoVc-xStLj2LQRJ_kva4",1
"Instagram > l.instagram.com/?u=https%3A%2F%2Fpythonmarketer.wordpress.com%2F&e=ATMCHPv9CGcTFyA2S7vB-5m2kcmVTQWQEcFSwwiKIJ6S5DwNBUYa5S_Tu5UFXCvsikjlML-EG4cU6vdI",1
"Instagram > l.instagram.com/?u=http%3A%2F%2Fpythonmarketer.wordpress.com%2F&e=AT3zgMw1uFC-bSImnXuY8gQewy8TIzU-NVR3sipEF-beUI2o6v46xI0AsKvXkvGCOISnprD08KqN_FDS8g3VsIV6J_Pty6ZDE_if9B-tIxY8yzoL7vDdDYb70h05FMDRvN-P2alMEVuoTIE-zA",1
"Instagram > l.instagram.com/?u=https%3A%2F%2Fpythonmarketer.wordpress.com%2F&e=ATOuadrVaCt5tR-B1n8x3ZU5_9tCrT-aD1gjnTGnfEeuTuZ0okhtj-N0ysD474wHlIZbj4XQez4BI0OM",1
"qwant.com",267,[object Object]
"github.com",239,[object Object]
"github.com > /tableau/server-client-python/issues/332",225
"github.com > /",9
"github.com > /erickbytes/divbull",2
"github.com > /erickbytes",2
"github.com > /erickbytes/divbull/blob/main/README.md",1
"WordPress.com Reader",177
"Twitter",143
"WordPress Android App",132
"WordPress Android App > com.google.android.googlequicksearchbox",121
"WordPress Android App > com.google.android.gm",7
"WordPress Android App > com.google.android.gm",1
"WordPress Android App > org.telegram.messenger",1
"WordPress Android App > com.google.android.googlequicksearchbox/https/www.google.com",1
"WordPress Android App > com.google.android.googlequicksearchbox",1
"Facebook",76
"joecodeswell.wordpress.com",31,[object Object]
"joecodeswell.wordpress.com > /2011/05/25/web2py-dal-quick-reference/",29
"joecodeswell.wordpress.com > /2011/06/09/web2py-url-mapping/",1
"joecodeswell.wordpress.com > /tag/web2py/",1
"prod.uhrs.playmsn.com",29,[object Object]
"prod.uhrs.playmsn.com > /",28
"prod.uhrs.playmsn.com > /judge/Views/judge?hitappid=42306&mode=judge&g=1&fromNew=1",1
"statics.teams.cdn.office.net",22,[object Object]
"you.com",21,[object Object]
"iframe-toloka.com",17,[object Object]
"search.lilo.org",17,[object Object]
"search.lilo.org > /",3
"search.lilo.org > /?q=instalation+library+python",3
"search.lilo.org > /results.php?q=python+install+lib+before+using+it&plugin=lilose",1
"search.lilo.org > /results.php?q=SSLError%28SSLCertVerificationError%28&plugin=lilose",1
"search.lilo.org > /results.php?q=python+cheat+sheet+install+newlibrary&plugin=lilose",1
"search.lilo.org > /?q=python+pip+install+library",1
"search.lilo.org > /results.php?q=installer+librairie+python+pip",1
"search.lilo.org > /results.php?q=python+library+directory+install&plugin=lilose",1
"search.lilo.org > /results.php?q=install+library+for+python&plugin=lilose",1
"search.lilo.org > /?q=collab+jupyter+panda+plotting&plugin=lilose",1
"search.lilo.org > /?q=install.librayrR",1
"search.lilo.org > /?q=python+add+library+command+line&plugin=lilose",1
"search.lilo.org > /results.php?q=python+requests+json+get+field",1
"jcchouinard.com",12,[object Object]
"114.114.114.114:9421",11,[object Object]
"swisscows.com",11,[object Object]
"startpage.com",11,[object Object]
"startpage.com > /",10
"startpage.com > /",1
"elattlearning.co.uk",9,[object Object]
"pythonmarketer-com.cdn.ampproject.org",7,[object Object]
"pythonmarketer-com.cdn.ampproject.org > /v/s/pythonmarketer.com/2020/03/21/automating-pytest-on-windows-with-a-bat-file-python-task-scheduler-and-box/amp/?amp_js_v=0.1&usqp=mq331AQKKAFQArABIIACAw%3D%3D",1
"pythonmarketer-com.cdn.ampproject.org > /v/s/pythonmarketer.com/2020/10/07/making-a-youtube-video-downloader-with-pythons-flask-and-pytube3-libraries/amp/?usqp=mq331AQKKAFQArABIIACAw%3D%3D&amp_js_v=0.1",1
"pythonmarketer-com.cdn.ampproject.org > /v/s/pythonmarketer.com/2016/05/25/askkevinparker-com-my-first-web-app-other-notes/amp/?amp_js_v=0.1&usqp=mq331AQKKAFQArABIIACAw%3D%3D",1
"pythonmarketer-com.cdn.ampproject.org > /v/s/pythonmarketer.com/2018/08/25/gooey-gui-for-python-scripts/amp/?amp_js_v=0.1&usqp=mq331AQKKAFQArABIIACAw%3D%3D",1
"pythonmarketer-com.cdn.ampproject.org > /v/s/pythonmarketer.com/2020/03/21/automating-pytest-on-windows-with-a-bat-file-python-task-scheduler-and-box/?amp_js_v=a6&amp_gsa=1&amp=1&usqp=mq331AQKKAFQArABIIACAw%3D%3D",1
"pythonmarketer-com.cdn.ampproject.org > /v/s/pythonmarketer.com/2020/09/13/delete-all-your-tweets-with-tweepy-and-the-twitter-api/amp/?amp_js_v=a6&amp_gsa=1&usqp=mq331AQHKAFQArABIA%3D%3D",1
"pythonmarketer-com.cdn.ampproject.org > /v/s/pythonmarketer.com/2020/09/13/delete-all-your-tweets-with-tweepy-and-the-twitter-api/amp/?amp_js_v=0.1&usqp=mq331AQCKAE%3D",1
"url-opener.com",6,[object Object]
"neeva.com",6,[object Object]
"r-notracking.onesearch.com",6,[object Object]
"r-notracking.onesearch.com > /_ylt=AwrWneka8PphAg0AZCHO7olQ;_ylu=Y29sbwNncTEEcG9zAzEEdnRpZAMEc2VjA3Ny/RV=2/RE=1643864218/RO=10/RU=https%3a%2f%2fpythonmarketer.com%2f2018%2f01%2f20%2fhow-to-python-pip-install-new-libraries%2f/RK=0/RS=XFoPtfH1dlAEaYVB.pi.SdGjGR0-",4
"r-notracking.onesearch.com > /_ylt=AwrWmn1e2PphF2wAxR7O7olQ;_ylu=Y29sbwNncTEEcG9zAzEEdnRpZAMEc2VjA3Ny/RV=2/RE=1643858143/RO=10/RU=https%3a%2f%2fpythonmarketer.com%2f2018%2f01%2f20%2fhow-to-python-pip-install-new-libraries%2f/RK=0/RS=x4xVd_csv2jx3p8FkV1coCtcPSY-",1
"r-notracking.onesearch.com > /",1
"lite.qwant.com",5,[object Object]
"lavasoft.gosearchresults.com",5,[object Object]
"lavasoft.gosearchresults.com > /?q=get+json+request+api+python&tt=VM__GS__S4LAVA__vmn__webcompa__1_0__go__lvs__webcompa__1_0__go__ch_WCYID10420_210126__yrff__yrff&pid=5ac784309091147a162b4431&sr=0",1
"lavasoft.gosearchresults.com > /?q=install+library+python+windows&tt=vmn__webcompa__1_0__go__lvs__webcompa__1_0__go__ch_WCYID10440_200218__yrff__yrff&pid=5ac784309091147a162b4431",1
"lavasoft.gosearchresults.com > /?sbtn&q=installing+libraries+in+terminal&tt=VM__GS__S4LAVA__vmn__webcompa__1_0__go__lvs__webcompa__1_0__go__ch_WCYID10440_200726__yrff__yrff&pid=5ac784309091147a162b4431&sr=0",1
"lavasoft.gosearchresults.com > /?q=pip+install+libraries&tt=vmn__webcompa__1_0__go__ch_WCYID10420__180914__yrff&pid=5ac784309091147a162b4431",1
"lavasoft.gosearchresults.com > /?q=request+json+python&tt=vmn__webcompa__1_0__go__lvs__webcompa__1_0__go__ch_WCYID10440_200905__yrff__yrff&pid=5ac784309091147a162b4431",1
"weedfiend.pythonanywhere.com",4,[object Object]
"metager.de",4,[object Object]
"search.brave.com",4,[object Object]
"pythonmarketer-wordpress-com.cdn.ampproject.org",4,[object Object]
"pythonmarketer-wordpress-com.cdn.ampproject.org > /v/s/pythonmarketer.wordpress.com/2018/08/25/gooey-gui-for-python-scripts/amp/?amp_js_v=0.1&usqp=mq331AQFKAGwASA%3D",2
"pythonmarketer-wordpress-com.cdn.ampproject.org > /c/s/pythonmarketer.wordpress.com/2018/08/25/gooey-gui-for-python-scripts/amp/",1
"pythonmarketer-wordpress-com.cdn.ampproject.org > /v/s/pythonmarketer.wordpress.com/2018/08/25/gooey-gui-for-python-scripts/amp/?amp_js_v=0.1&usqp=mq331AQCKAE%3D",1
"confluence.itk-engineering.de",4,[object Object]
"127.0.0.1:8000",4,[object Object]
"away.vk.com",3,[object Object]
"engine.presearch.org",3,[object Object]
"search.becovi.com",3,[object Object]
"myiotdashboard.nl",3,[object Object]
"gutefrage.net",3,[object Object]
"gutefrage.net > /frage/farbe-bei-dem-cursor-herausfinden-python",2
"gutefrage.net > /",1
"oceanhero.today",3,[object Object]
"oceanhero.today > /web?q=how+to+clean+mobile_number+feature+in+pandas",2
"oceanhero.today > /web?q=tennis+datasets+jupyter+notebook",1
"searchbip.com",3,[object Object]
"flipboard.com",3,[object Object]
"flipboard.com > /redirect?url=https%3A%2F%2Fpythonmarketer.wordpress.com%2F2016%2F03%2F29%2Fgetting-started-with-web2py%2F",2
"flipboard.com > /@fundrais123/niu_links-9r06prcly",1
"WordPress Dashboard",2
"translate.google.com.ar",2,[object Object]
"en.hao123.com/hao123-search?q=how+to+install+python+libraries+on+python+2.7%3F&category=web",2,[object Object]
"caracabe.com",2,[object Object]
"caracabe.com > /",1
"caracabe.com > /",1
"trustblog.top",2,[object Object]
"Private networks",2
"Private networks > 10.33.23.21:9123",1
"Private networks > 192.168.101.48:9123",1
"blog.pythonlibrary.org",2,[object Object]
"blog.pythonlibrary.org > /",1
"blog.pythonlibrary.org > /",1
"youtube.com",2,[object Object]
"presearch.com",2,[object Object]
"tab.gladly.io/search?q=how+to+install+libraries+in+command+prompt",2,[object Object]
"arpe.top",2,[object Object]
"covblog.top",2,[object Object]
"login.microsoftonline.com",2,[object Object]
"adfs.contiwan.com",2,[object Object]
"mail.google.com",2,[object Object]
"Pocket",2
"jupyter.localhost.dev",2,[object Object]
"web.skype.com",2,[object Object]
"sevasearch.org",2,[object Object]
"captcha.gecirtnotification.com",2,[object Object]
"teams.microsoft.com",2,[object Object]
"confluence.intra.nrservers.info:8090",1,[object Object]
"fbj.fantuanshe.com",1,[object Object]
"cvta.xyz",1,[object Object]
"henrikwarne.com",1,[object Object]
"heeha.net",1,[object Object]
"how-use-excel.com",1,[object Object]
"5rkj.com",1,[object Object]
"izsa.qxnr.net",1,[object Object]
"translate.googleusercontent.com",1,[object Object]
"clpnl.qxnr.net",1,[object Object]
"search.gexsi.com/search/?q=access+upserting&gx1=ge&gx2=we&gx3=sr",1,[object Object]
"zsgdb.gcmx.net",1,[object Object]
"andypeloquin.com",1,[object Object]
"enow.com/click/_ylt=AwrEzeuJlRFctHgAkmOoCmVH;_ylu=X3oDMTByaWg0YW05BGNvbG8DYmYxBHBvcwM4BHZ0aWQDBHNlYwNzcg--/RV=2/RE=1544685065/RO=10/RU=https%3a%2f%2fpythonmarketer.wordpress.com%2f2018%2f01%2f20%2fhow-to-python-pip-install-new-libraries%2f/RK=0/RS=8NN4t4TtCrYuWrOK5WSkjuTkB6w-",1,[object Object]
"carlbettis.com",1,[object Object]
"english.sogou.com/english?b_o_e=1&fr=eng_entrance&keyword=human+python",1,[object Object]
"ltf.jooble.com",1,[object Object]
"awcgyg.amatocanizalez.net",1,[object Object]
"how-use.com",1,[object Object]
"hngd.amatocanizalez.net",1,[object Object]
"olf.tcyh.net",1,[object Object]
"jbxp.saxun.net",1,[object Object]
"lwjj.saxun.net",1,[object Object]
"blog4u.top/how-to-generate-traffic-to-your-website-fast/69392373/",1,[object Object]
"pythoncentral.io",1,[object Object]
"myprivatesearch.com",1,[object Object]
"pkux.amatocanizalez.net",1,[object Object]
"nona.de",1,[object Object]
"adfs.ricoh-europe.com",1,[object Object]
"2023kikira.github.io",1,[object Object]
"google.sb250.gq",1,[object Object]
"ya.ru",1,[object Object]
"docs.google.com",1,[object Object]
"trello.com",1,[object Object]
"www-jcchouinard-com.translate.goog",1,[object Object]
"block.opendns.com",1,[object Object]
"metager.org",1,[object Object]
"developer.twitter.com",1,[object Object]
"dailyseo.xyz/beginner-s-guide-to-blogging-and-making-money-online/69392373/",1,[object Object]
"snapchat.com",1,[object Object]
"todayposts.com",1,[object Object]
"googleweblight.com",1,[object Object]
"gateway.zscalertwo.net/auW?origurl=https%3A%2F%2Fpythonmarketer.com%2F2018%2F01%2F20%2Fhow-to-python-pip-install-new-libraries%2F&_ordtok=Kbk3WVqZ7KRhJ54ff88JPf1fjP&jscript=1set&_sm_au_=iVVvP78rgVrvSvF8vfV&sm__idx=VVMWvK37M00q2&expires=kkP7ZjDLVFKJP",1,[object Object]
"translatetheweb.com",1,[object Object]
"keep.google.com",1,[object Object]
"google-admin.corp.google.com",1,[object Object]
"analytics.twitter.com/dropUuidCookies?shortUrl=k5qpYLqHWO&uuid=bdd93875-8f12-4d8f-9f68-bd498dccbfe5",1,[object Object]
"gateway.zscalerthree.net",1,[object Object]
"searchprivacy.co",1,[object Object]
"geoad.org",1,[object Object]